name,vendor,link,price,description,characteristics,reviews
Contrôleur Leap Motion 2 Ultraleap,Ultraleap,https://eu.robotshop.com//fr/products/controleur-leap-motion-2-ultraleap#,"Prix en promotion€250,07","La deuxième génération de la caméra de suivi des mains emblématique d'Ultraleap vous permet d'utiliser vos propres mains dans les mondes numériques. Le Contrôleur Leap Motion 2 Ultraleap est le matériel idéal pour découvrir le suivi des mains de classe mondiale d'Ultraleap, apportant des interactions 3D à vos applications PC préférées et vous permettant d'abandonner les contrôleurs en réalité virtuelle. C'est la caméra la plus flexible jamais développée par Ultraleap. Compatible avec Windows, macOS, Android XR2 et le matériel complémentaire, y compris les casques XR, les PC et les écrans holographiques. Alimentée par le logiciel de suivi des mains d'Ultraleap, cette caméra peut détecter et identifier avec précision 27 éléments distincts de la main, y compris les os et les articulations, et les suivre de manière transparente même lorsqu'ils sont cachés par d'autres parties de votre main.  Que vous exploriez des mondes immersifs, conceviez des modèles 3D ou expérimentiez des applications de pointe, le Leap Motion Controller 2 ouvre un nouveau champ de possibilités d'interactions intuitives et immersives. Faites l'expérience d'un tout nouveau niveau d'interactivité et de contrôle alors que votre monde virtuel prend vie. Voici la différence de taille par rapport au Leap Motion Controller original :  Support de casque XR disponible séparément : Ajoutez facilement le meilleur suivi des mains au monde à votre casque avec le support de casque XR pour le Leap Motion Controller 2. La conception flexible unique du support offre un ajustement sûr au visage des casques XR les plus populaires.  Exemples d'applications :","Alimentation électrique requise : 5VDC via USB, 500 mA Connexion de données : USB 3.0 via un connecteur USB de type C Plage de suivi et champ de vision : Profondeur comprise entre 10 cm (4"") et 110 cm (43"") ; champ de vision de 160° x 160°. Fréquence d'images de la caméra : 115 fps maximum Longueur d'onde : 850 nm Construction : Aluminium et verre résistant aux rayures Température de fonctionnement : 0°C à 40°C (32°F à 104°F) Température de stockage : -30°C à 60°C (-22°F à 140°) Conformité : CE, FCC, UKCA, CCC, KC, PSE, RCM A-NZ, RoHS, REACH Systèmes d'exploitation compatibles : Windows, Android pour XR2, macOS (bientôt)",Average rating is 0.00 stars
Contrôleur Leap Motion,Ultraleap,https://eu.robotshop.com//fr/products/controleur-leap-motion#,"Prix en promotion€144,93","Le Contrôleur Leap Motion est un module de suivi optique des mains qui capture le mouvement des mains et des doigts des utilisateurs afin qu'ils puissent interagir naturellement avec le contenu numérique. Petit, rapide et précis, il peut être utilisé pour des applications de productivité avec des ordinateurs Windows, intégré dans des solutions matérielles ou des écrans de niveau entreprise, ou attaché à des casques de réalité virtuelle / augmentée pour le prototypage, la recherche et le développement AR / VR / XR. Le contrôleur est capable de suivre les mains dans une zone interactive 3D qui s'étend jusqu'à 60 cm (24 ”) ou plus, s'étendant de l'appareil dans un champ de vision de 120 x 150 °. Le logiciel de Leap Motion est capable de discerner 27 éléments de main distincts, y compris les os et les articulations, et de les suivre même lorsqu'ils sont masqués par d'autres parties de la main. Alors, tendez la main et voyez ce que vous avez manqué avec votre casque de réalité virtuelle préféré. Le contrôleur Leap Motion propose désormais un suivi V4 massivement mis à jour et trois nouvelles démos - Particles, Paint et Cat Explorer!  Obtenez le contrôleur Leap Motion pour jouer, explorer et créer avec des applications de bureau héritées sur la galerie Leap Motion, ou commencez à créer votre propre projet VR sur Oculus Rift ou HTC Vive.  Leap Motion pour la réalité virtuelle Accédez à de nouveaux mondes virtuels et familiarisez-vous avec la réalité virtuelle. Avec un contrôleur Leap Motion monté à l'avant de votre casque VR et le suivi des mains Leap Motion, vous pouvez toucher et interagir avec des objets en réalité virtuelle comme vous le feriez dans le monde réel - simplement en utilisant vos mains.  Leap Motion sur votre bureau Si vous n'êtes pas prêt à plonger dans la réalité virtuelle, utilisez le contrôleur Leap Motion sur votre bureau, à côté de votre souris et de votre clavier, pour un niveau supplémentaire d'interactivité 3D. Avec les applications de la galerie Leap Motion, vous pouvez créer de la musique, en savoir plus sur les tremblements de terre, jouer à des jeux, etc.  Le Contrôleur Leap Motion est certifié conforme aux normes réglementaires de sécurité et électriques. Sa robustesse et sa certification externe permettent des projets commerciaux, y compris des environnements stériles. Téléchargez des applications gratuites sur la galerie d'applications Leap Motion: applications VR pour casques tels que l'Oculus Rift et HTC, ainsi que 75+ applications de bureau héritées (ne sont plus mises à jour) L'interface LeapUVC expérimentale ouvre l'accès à des contrôles de bas niveau tels que la luminosité des LED, le gamma, l'exposition, le gain, la résolution, etc. Utilisez le contrôleur Leap Motion pour suivre des objets physiques, capturer des images infrarouges à haute vitesse ou voir le monde de nouvelles façons.","FOV: 150x120 degrés Portée: variable (sans lien de dépendance, jusqu'à environ 80 cm) Poids: 32 grammes Caméras: 2x 640x240 infrarouges Fréquence d'images: 120 ips Poids: 32 g / 1,15 oz Windows® 7+, Mac OS X 10.7 Lion (support hérité) Processeur AMD Phenom ™ II ou Intel® Core ™ i3 / i5 / i7 2 Go de RAM Port USB 2.0 connexion Internet SDK Orion compatible avec Windows 7 ou plus récent. Construisez avec Mac, Linux ou le suivi d'outils à l'aide du SDK V2 Desktop Windows 7 SP1 64 bits ou plus récent Intel Core i5-4590 équivalent ou supérieur 8 Go + RAM 3 ports USB 3.0 NVIDIA GTX 970 / AMD R9 290 équivalent ou supérieur avec sortie vidéo HDMI 1.3 compatible Température de fonctionnement: 32 à 113 ºF (0 à 45 ºC) Température de stockage: 14 à 122 ºF (-10 à 50 ºC) Humidité relative: 5% à 85% (sans condensation) Altitude de fonctionnement: 0 à 10 000 pieds (0 à 3048 mètres)",Average rating is 4.74 stars
Support pour casque XR pour contrôleur Leap Motion 2 Ultraleap,Ultraleap,https://eu.robotshop.com//fr/products/support-pour-casque-xr-pour-controleur-leap-motion-2-ultraleap#,"Prix en promotion€23,05","Ajoutez facilement le meilleur suivi des mains au monde à votre casque avec le support de casque XR pour le Leap Motion Controller 2 . La conception flexible unique du support offre un ajustement sûr au visage des casques XR les plus populaires de Pico, HTC, Varjo et plus encore.  Leap Motion Controller 2 disponible séparément : La deuxième génération de la caméra de suivi des mains emblématique d'Ultraleap vous permet d'utiliser vos propres mains dans les mondes numériques. Le Leap Motion Controller 2 est le matériel idéal pour découvrir le suivi des mains de classe mondiale d'Ultraleap, apportant des interactions 3D à vos applications PC préférées et vous permettant d'abandonner les contrôleurs dans la réalité virtuelle. C'est la caméra la plus flexible jamais développée par Ultraleap. Compatible avec Windows, Android XR2 et macOS, et matériel complémentaire, y compris les casques XR, les PC et les écrans holographiques.","Angle d'inclinaison vers le bas : 15° Matière : PA2200 Polyamide 12 (Nylon 12) Adhésif de montage : ruban nano réutilisable Spécifications du câble USB : USB C à angle droit – USB 3.0, longueur 22 cm",Average rating is 0.00 stars
Contrôleur de Moteur Intelligent 2 Canaux 30A SmartDriveDuo,Cytron,https://eu.robotshop.com//fr/products/controleur-moteur-intelligent-2-canaux-30a-smartdriveduo#,"Prix en promotion€87,94","Le Contrôleur de Moteur Intelligent 2 Canaux 30A SmartDriveDuo est l'un des tous derniers contrôleurs de moteur sériels intelligents conçus pour actionner un moteur CC à balais de puissance moyenne, avec une capacité de courant allant jusqu'à 80 A en crête et 30 A en continu. Ce contrôleur est conçu spécialement pour contrôler un robot mobile à entraînement différentiel à l'aide d'un contrôleur RC. Cependant, le MDDS30 peut également être contrôlé à l'aide d'un joystick ou d'un microcontrôleur analogique (MLI, sériel).  Les MOSFET sont commutés à 18 kHz pour assurer un fonctionnement silencieux sans gémissement gênant. En outre, il est également équipé d'une unité microcontrôleur pour fournir des fonctionnalités intelligentes telles que des modes d'entrée multiples, la protection de la limite de courant et la protection thermique.  Caractéristiques :","Entrée compatible : 3,3 et 5 V Canaux de moteur : 2 Tension nominale (VCC) : 7 à 35 Courant de crête (A) : 80 Courant continu (A) : 30 Blindage Arduino : NON MLI (verrouillée en opposition de phase et à signe-magnitude) : OUI UART : OUI Analogique : OUI Signal de servomoteur RC : OUI Protection contre la polarité : NON Protection du courant/thermique : OUI Indicateur DEL : OUI Bouton de test/manuel : OUI Autres caractéristiques Autres : compatible Groove",Average rating is 4.71 stars
Contrôleur de Moteur Regénératif Sabertooth 2x32A 6V-24V Dimension Engineering,Dimension Engineering,https://eu.robotshop.com//fr/products/controleur-moteur-regeneratif-sabertooth-2x32a-6v-24v-dimension-engineering#,"Prix en promotion€133,58","Le Contrôleur de Moteur Régénératif Sabertooth 2x32 A 6 V-32 V Dimension Engineering est un contrôleur de moteur à double canal capable d'alimenter deux moteurs en 32 ampères, avec jusqu'à 64 ampères de courant de crête par moteur. Il peut être géré depuis une entrée radiocommandée, analogique, série TTL ou USB. Il utilise un contrôleur et le freinage régénératif pour un fonctionnement efficace. Un grand nombre de modes d'exploitation, dont le mixage de type tank et l'étalonnage automatique, permettent à la plupart des projets d'être opérationnels dès la sortie de la boîte.   En plus des modes de fonctionnement standard, Sabertooth 2x32 dispose d'entrées de signal et de sorties de puissance supplémentaires, ainsi que d'options de configuration améliorées. Les modes de fonctionnement définis par l'utilisateur permettent des opérations personnalisées, telles que la commutation entre la radiocommande et les entrées pilotées par ordinateur à la volée, les arrêts d'urgence ou les dérogations aux commandes du panneau avant. Les sorties d'alimentation auxiliaire peuvent être configurées pour permettre au Sabertooth 2x32 de fonctionner à partir d'une alimentation sans batterie parallèle, ou de contrôler automatiquement les freins électromagnétiques. Associé au module de contrôle de mouvement Kangaroo x2 de Dimension Engineering, le Sabertooth 2x32 peut être utilisé pour le contrôle de position ou de vitesse en boucle fermée avec un encodeur ou un retour analogique. L'état du pilote peut être contrôlé en temps réel à l'aide du port USB dans n'importe quel mode de fonctionnement, ce qui rend le débogage de votre projet plus rapide et plus facile. Sabertooth 2x32 est plus flexible, plus robuste et plus puissant que les pilotes de moteurs précédents, tout en étant plus facile à utiliser.","32A continu, 64A crête par canal Tension : de 6 à 30 V nominal, 33,6 V de maximum absolu Conduite régénérative synchrone Fréquence de commutation ultrasonique de 30 kHz Protection thermique et contre les surintensités Mode de protection de la batterie Contrôle et surveillance par USB Mode convertisseur série USB pour Kangaroo x2 Limitation de courant configurable Modes utilisateur personnalisés Sorties moteur 12 bits Modes d'entrée : analogique, R/C, série (texte clair ou paqueté), USB Les sorties de puissance peuvent agir comme des étrangleurs de tension, des freins, ou être contrôlables Robots de combat jusqu'à 100lb Robots normaux et de loisir jusqu'à 300lb Robots à entraînement différentiel Véhicules électriques, jouets porteurs, trottinettes",Average rating is 4.85 stars
"Contrôleur de moteur CC simple 13 A, 5-30 V Cytron",Cytron,https://eu.robotshop.com//fr/products/controleur-moteur-cc-simple-13-a-5-30-v-cytron#,"Prix en promotion€18,57","Le contrôleur de moteur CC simple 13 A, 5-30 V de Cytron est une version améliorée du MD10B qui est conçu pour piloter un moteur CC à balais à courant élevé jusqu'à 13 A en continu. Il offre plusieurs améliorations par rapport au MD10B, telles que la prise en charge des signaux PWM à antiphase verrouillée et à amplitude de signe, ainsi que l'utilisation de composants à semi-conducteurs complets qui se traduisent par un temps de réponse plus rapide et éliminent l'usure du relais mécanique.  Fonctionnalités",,Average rating is 4.82 stars
Blindage WiFi ESP8266,Makerfabs,https://eu.robotshop.com//fr/products/blindage-wifi-esp8266#,"Prix en promotion€11,29","Le Blindage WiFi ESP8266 est un module UART-WiFi à ultra faible puissance. Il est doté d'excellentes dimensions et de la technologie ULP, comparé à d'autres modules similaires. Ce module est conçu spécialement pour les appareils mobiles et l'Internet des Objets (IdO). Ce Blindage WiFi est basé sur l'ESP-12F, qui est la nouvelle version de l'ESP-12 dotée de la puce WiFi ESP8266. Ce blindage vous permet de rendre votre dispositif Arduino facile à connecter au réseau et de le contrôler n'importe où. Simple communication par interface UART et contrôle par commande AT.",Prend en charge l'interface de communication de données UART/GPIO Prend en charge le réseau intelligent SmartLink Prend en charge la mise à jour à distance du micrologiciel (OTA),Average rating is 4.73 stars
Kit de Soudure de Capteur et Générateur de Fil de Périmètre RobotShop,RobotShop,https://eu.robotshop.com//fr/products/kit-soudure-capteur-generateur-fil-perimetre-robotshop#,"Prix en promotion€11,47","Le générateur de fils périmétriques RobotShop et le kit de soudage par capteur sont largement utilisés dans l'industrie, en particulier dans les entrepôts où la manipulation est automatisée. Les robots suivent une boucle de fil enfouie dans le sol. Un courant alternatif d'intensité et de fréquence relativement faible entre 5Kz et 40KHz circule dans ce fil. Le robot est équipé de capteurs inductifs, généralement basés sur un circuit réservoir (avec une fréquence de résonance égale ou proche de la fréquence de l'onde générée) qui mesure l'intensité du champ électromagnétique proche du sol.  La carte de générateur est basée sur la temporisation populaire NE555 et la carte de capteur inclut deux inductances. Une chaîne de traitement (amplification, filtres, comparaison) permet de déterminer la position du robot à l'intérieur du fil. Notez que le fil périmétrique n'est pas inclus, mais il est livré avec les composants du trou traversant.",,Average rating is 4.14 stars
Pilote de moteur à courant continu à double canal Cytron 10A 5-30V,Cytron,https://eu.robotshop.com//fr/products/pilote-moteur-courant-continu-double-canal-cytron-10a-5-30v#,"Prix en promotion€27,08","Remarque : pas de protection contre l'inversion de polarité sur Vmotor, veuillez vérifier la polarité avant la mise sous tension. Le pilote de moteur à courant continu à double canal 10A 5-30V est la version à double canal du MD10C qui est conçue pour piloter 2 moteurs à courant continu à balais avec un courant élevé allant jusqu'à 10 A en continu. Comme le MD10C, il prend également en charge les signaux PWM à antiphase verrouillée et à magnitude de signe.  Il utilise des composants à semi-conducteurs complets qui permettent un temps de réponse plus rapide et éliminent l'usure du relais mécanique. Entièrement NMOS H-Bridge pour une meilleure efficacité et aucun dissipateur de chaleur n'est requis.","Courant moteur continu maximum : 10 A Courant moteur crête : 30 A Entrée logique (niveau haut) : 3 - 5,5 V Entrée logique (niveau bas) : 0 - 0,5 V Fréquence PWM maximale : 20 khz",Average rating is 4.74 stars
Platine de Développement Microcontrôleur USB Teensy 4.0,PJRC,https://eu.robotshop.com//fr/products/platine-developpement-microcontroleur-usb-teensy-40#,"Prix en promotion€27,43","La Platine de Développement Microcontrôleur USB Teensy 4.0 est la dernière version de Teensy. Elle propose le microcontrôleur le plus rapide et des périphériques puissants dans le facteur de forme Teensy 1,4 x 0,7 pouces. Teensy 4.0 prend en charge la mise à l'échelle dynamique de l'horloge. Contrairement aux microcontrôleurs traditionnels, où la modification de la vitesse d'horloge entraîne des débits en bauds erronés et d'autres problèmes, le matériel Teensy 4.0 et la prise en charge logicielle de Teensyduino pour les fonctions de synchronisation Arduino sont conçus pour permettre des changements de vitesse dynamiques.  Teensy 4.0 fournit également une fonction de mise hors tension. En connectant un bouton-poussoir à la broche On / Off, l’alimentation 3,3 V peut être complètement désactivée en maintenant le bouton enfoncé pendant 5 secondes, puis rallumée par une brève pression sur le bouton. Si une pile bouton est connectée au VBAT, le RTC de Teensy 4.0 continue également de suivre la date et l’heure lorsque l’appareil est hors tension.  ","BRAS Cortex-M7 à 600 MHz 1024K de RAM (512K est étroitement couplé) 2048K Flash (64K réservé à la récupération et à l’émulation EEPROM) 2 ports USB, tous deux 480 Mbit / s 3 bus CAN (1 avec CAN FD) 2 audio numérique I2S 1 audio numérique S / PDIF 1 SD audio (4 bits) SD natif 3 SPI, tous avec FIFO de 16 mots 3 I2C, tous avec une FIFO de 4 octets 7 séries, toutes avec FIFO de 4 octets 32 canaux DMA à usage général 31 broches PWM 40 broches numériques, toutes capables d'interruption 14 broches analogiques, 2 CAN sur puce Accélération cryptographique Générateur de nombres aléatoires RTC pour date / heure FlexIO programmable Pipeline de traitement des pixels Déclenchement croisé périphérique Gestion de mise en marche / arrêt",Average rating is 5.00 stars
Câble SATA en Y pour ZimaBoard,IceWhale Technology Limited,https://eu.robotshop.com//fr/products/cable-sata-en-y-pour-zimaboard#,"Prix en promotion€4,49","Le câble en Y SATA pour ZimaBoard offre un câble en forme de Y. Nous avons personnalisé un câble en Y SATA noir pur et optimisé le circuit de la carte mère afin que le courant de la carte puisse supporter la consommation d'énergie d'au moins deux disques durs de 2,5 pouces. Il répond aux besoins de la construction d'un RAID d'entrée de gamme utilisant FreeNAS et UNRAID.",Connecteur : double connecteur SATA 22p,Average rating is 0.00 stars
Caméra de suivi des mains stéréo Ultraleap 3Di,Ultraleap,https://eu.robotshop.com//fr/products/camera-suivi-des-mains-stereo-ultraleap-3di#,"Prix en promotion€288,10","La caméra de suivi des mains stéréo Ultraleap 3Di est conçue pour être connectée à n'importe quel écran ou kiosque. Associé au logiciel leader mondial d'Ultraleap, il transforme les écrans en surfaces immersives tridimensionnelles sans contact. L'Ultraleap 3Di permet d'intégrer facilement le suivi de la main d'Ultraleap dans un format robuste pour une utilisation dans des environnements permanents - tels que les kiosques en libre-service, les installations numériques hors domicile, les affichages interactifs dans le commerce de détail, les musées et les parcs à thème, ou les utilisations médicales/industrielles. Elle fait partie de la solution complète TouchFree d'Ultraleap - matériel de caméra, logiciel fiable de suivi des mains et outils de développement. La caméra utilise la technologie infrarouge stéréo brevetée d'Ultraleap et le logiciel TouchFree, leader mondial. Elle est robuste, même dans des conditions d'éclairage difficiles, et suit de manière fiable une grande variété de tailles et de formes de mains. L'Ultraleap 3Di est livré avec un support multiple qui permet de le fixer solidement à un kiosque ou à un écran, et qui peut être utilisé en mode bureau. Il permet un positionnement optimal de la caméra pour l'évaluation et le déploiement. Conçu par l'équipe d'ingénieurs d'Ultraleap, il peut être fixé à une large gamme d'écrans avec une installation simple, une adaptation minimale et un nettoyage facile. Le Multi Mount peut également être installé sur n'importe quelle surface horizontale pour faciliter les évaluations ou les déploiements sur le bureau.","Portée de suivi et champ de vision : profondeur comprise entre 10 cm (4 pouces) et 75 cm (29,5 pouces) de préférence, jusqu'à 1 m (39 pouces) maximum ; Champ de vision typique de 170°x170° (minimum 160°x160°). Ultraleap 3Di peut fournir une émulation d'écran tactile pour les écrans jusqu'à 42 pouces (portrait ou paysage). Des écrans plus grands peuvent également être contrôlés par interaction à distance. Montage : Conçu pour être intégré directement dans des installations permanentes. Peut être monté au-dessus de l'écran face à face, au-dessous ou au-dessus face à l'utilisateur et peut être adapté aux installations existantes. Un kit de montage sur panneau (disponible auprès d'Ultraleap) permet de monter la caméra en toute sécurité dans une découpe de panneaux d'une épaisseur de 2 à 8 mm. Caméras : Infrarouge stéréo fonctionnant à 90 ips Longueur d'onde de fonctionnement : 850 nm. Fournit son propre éclairage via deux LED infrarouges espacées de chaque côté des caméras. Alimentation : 5 VDC via connecteur USB ; 500 mA maximum ; 250 mA typique Connexion de données : USB 2.0 via un connecteur micro USB de type B Configuration système minimale requise : Windows® 10, 64 bits, processeur Intel® Core™ i3 5e génération (doit prendre en charge les instructions AVX), 2 Go de RAM, port USB 2.0. Logiciel : Application TouchFree : Détecte la main d'un utilisateur dans les airs et la convertit en un curseur à l'écran, permettant aux interfaces à écran tactile d'être modernisées avec un contrôle gestuel sans contact. Logiciel : TouchFree Tooling pour Web ou Unity : vous permet de connecter des applications et du contenu à TouchFree et d'utiliser directement ses données de positionnement de la main.",Average rating is 0.00 stars
Capteur d'image Pixy 2.1 CMUcam5 de Charmed Labs,Charmed Labs,https://eu.robotshop.com//fr/products/capteur-image-pixy-21-cmucam5-charmed-labs#,"Prix en promotion€80,61","Le capteur d'image Charmed Labs Pixy 2.1 Robot Vision est doté d'un capteur plus petit, plus rapide et plus performant que le Pixy d'origine. Pixy 2 peut apprendre à détecter les objets que vous lui apprenez, simplement en appuyant sur un bouton. De plus, il dispose de nouveaux algorithmes qui détectent et suivent les lignes à utiliser avec des robots suiveurs de ligne. Les nouveaux algorithmes peuvent également détecter les intersections et les «panneaux de signalisation». Les panneaux de signalisation peuvent dire à votre robot quoi faire, comme tourner à gauche, tourner à droite, ralentir, etc. Et Pixy2 fait tout cela à 60 images par seconde, donc votre robot peut aussi être rapide. Pixy2 est livré avec un câble spécial à brancher directement sur un Arduino et un câble USB à brancher sur un Raspberry Pi, pour que vous puissiez démarrer rapidement. Pas d'Arduino ou de Raspberry Pi ? Aucun problème! Pixy2 a plusieurs interfaces (SPI, I2C, UART et USB) et des communications simples, de sorte que votre contrôleur choisi parle à Pixy2 en peu de temps. Champ de vision plus large La nouvelle version 2.1 a un champ de vision de 80 degrés et offre un champ de vision plus large. Il y a une certaine distorsion sphérique avec le nouvel objectif, qui vient avec un champ de vision plus large. Lentille remplaçable et mise au point réglable La monture d'objectif M12 vous permet de remplacer un objectif différent et dispose d'une mise au point réglable qui permet de faire la mise au point sur des objets à pratiquement n'importe quelle distance, y compris aussi près que 0,25 pouce. Moins de distorsion chromatique et moins de bruit de pixel Le nouvel objectif n'a pratiquement aucune distorsion chromatique sur les bords, alors que la version précédente de Pixy avait une distorsion chromatique mesurable. De plus, le nouvel objectif a un F-stop de 2,0 par rapport à l'objectif précédent qui avait un F-stop de plus de 3,0. Cela signifie une meilleure capacité de collecte de lumière, plus de signal et moins de bruit pour une quantité donnée de lumière ambiante. Moins de bruit signifie une meilleure précision de détection pour cette nouvelle version de Pixy.    Si vous voulez que votre robot effectue une tâche telle que ramasser un objet, chasser une balle, localiser une station de charge, etc., et que vous voulez qu'un seul capteur vous aide à accomplir toutes ces tâches, alors la vision est votre capteur. Les capteurs de vision (image) sont utiles car ils sont très flexibles. Avec le bon algorithme, un capteur d'image peut détecter ou détecter pratiquement n'importe quoi. Mais il y a deux inconvénients avec les capteurs d'image : 1) ils produisent beaucoup de données, des dizaines de mégaoctets par seconde, et 2) le traitement de cette quantité de données peut surcharger de nombreux processeurs. Et si le processeur peut suivre le rythme des données, une grande partie de sa puissance de traitement ne sera pas disponible pour d'autres tâches.  Pixy2 résout ces problèmes en associant un puissant processeur dédié au capteur d'image. Pixy2 traite les images du capteur d'image et n'envoie que les informations utiles (ex : dinosaure violet détecté à x=54, y=103) à votre microcontrôleur. Et il le fait à la fréquence d'images (60 Hz). Les informations sont disponibles via l'une des nombreuses interfaces : série UART, SPI, I2C, USB ou sortie numérique/analogique. Ainsi, votre Arduino ou d'autres microcontrôleurs peuvent communiquer facilement avec Pixy2 et avoir encore beaucoup de CPU disponible pour d'autres tâches. 60 images par seconde
Que signifie « 60 images par seconde » ? En bref, cela signifie que Pixy2 est rapide. Pixy2 traite une image entière tous les 1/60e de seconde (16,7 millisecondes). Cela signifie que vous obtenez une mise à jour complète de toutes les positions des objets détectés toutes les 16,7 ms. À ce rythme, il est possible de suivre la trajectoire de la balle qui tombe/rebondit. (Une balle voyageant à 40 mph se déplace de moins d'un pied en 16,7 ms.) Si votre robot effectue un suivi de ligne, il se déplacera généralement d'une petite fraction de pouce entre les images.    Dinosaures violets (et autres choses) Pixy2 utilise un algorithme de filtrage basé sur la couleur pour détecter les objets appelé l'algorithme Color Connected Components (CCC). Les méthodes de filtrage basées sur la couleur sont populaires car elles sont rapides, efficaces et relativement robustes. La plupart d'entre nous connaissent RVB (rouge, vert et bleu) pour représenter les couleurs. Pixy2 calcule la couleur (teinte) et la saturation de chaque pixel RVB à partir du capteur d'image et les utilise comme paramètres de filtrage principaux. La teinte d'un objet reste en grande partie inchangée avec les changements d'éclairage et d'exposition. Les changements d'éclairage et d'exposition peuvent avoir un effet frustrant sur les algorithmes de filtrage des couleurs, provoquant leur rupture. L'algorithme de filtrage de Pixy2 est robuste en ce qui concerne les changements d'éclairage et d'exposition. Sept signatures de couleur L'algorithme CCC de Pixy2 mémorise jusqu'à 7 signatures de couleurs différentes, ce qui signifie que si vous avez 7 objets différents avec des couleurs uniques, l'algorithme de filtrage des couleurs de Pixy2 n'aura aucun problème à les identifier. Si vous avez besoin de plus de sept, vous pouvez utiliser des codes de couleur. Apprenez-lui les objets qui vous intéressent
Pixy2 est unique car vous pouvez lui apprendre physiquement ce que vous souhaitez ressentir. Dinosaure violet ? Placez le dinosaure devant Pixy2 et appuyez sur le bouton. Boule orange ? Placez la balle devant Pixy2 et appuyez sur le bouton. C'est facile et c'est rapide. Plus précisément, vous enseignez Pixy2 en tenant l'objet devant son objectif tout en maintenant enfoncé le bouton situé en haut. Ce faisant, la LED RVB sous l'objectif fournit des informations sur l'objet qu'elle regarde directement. Par exemple, la LED devient orange lorsqu'une boule orange est placée directement devant Pixy2. Relâchez le bouton et Pixy2 génère un modèle statistique des couleurs contenues dans l'objet et les stocke en flash. Il utilisera ensuite ce modèle statistique pour trouver des objets avec des signatures de couleur similaires dans son cadre à partir de là. Pixy2 peut apprendre sept signatures de couleur, numérotées de 1 à 7. La signature couleur 1 est la signature par défaut. Pour apprendre à Pixy2 les autres signatures (2-7), il suffit d'appuyer sur une simple séquence de boutons.  PixyMon vous permet de voir ce que voit Pixy
PixyMon est une application qui s'exécute sous Windows, macOS et Linux. Il vous permet de voir ce que Pixy voit, que ce soit sous forme de vidéo brute ou traitée. Il vous permet également de configurer votre Pixy, de définir le port de sortie et de gérer les signatures de couleur. PixyMon communique avec Pixy via un câble mini USB standard. PixyMon est idéal pour déboguer votre application.  Prise en charge du contrôleur Pixy peut facilement se connecter à de nombreux contrôleurs différents car il prend en charge plusieurs options d'interface (série UART, SPI, I2C, USB ou sortie numérique/analogique), mais Pixy a commencé sa vie en parlant à Arduinos. La prise en charge d'Arduino Due, Raspberry Pi et BeagleBone Black a été ajoutée.","Pixy2 détecte les lignes, les intersections et les petits codes-barres, destinés aux robots suiveurs de ligne Fréquence d'images améliorée - 60 images par seconde Des algorithmes de suivi ont été ajoutés à la détection d'objets basée sur la couleur Bibliothèques améliorées et simplifiées pour Arduino, Raspberry Pi et autres contrôleurs Source lumineuse intégrée Système de vision petit, rapide, facile à utiliser, peu coûteux et facilement disponible Apprend à détecter les objets que vous lui apprenez Se connecte à Arduino avec le câble inclus. Fonctionne également avec Raspberry Pi, BeagleBone et des contrôleurs similaires Toutes les bibliothèques pour Arduino, Raspberry Pi, etc. sont fournies C/C++ et Python sont pris en charge Communique via l'une des nombreuses interfaces : SPI, I2C, UART, USB ou sortie analogique/numérique L'utilitaire de configuration fonctionne sous Windows, MacOS et Linux Tous les logiciels/micrologiciels sont sous licence GNU open source Toute la documentation matérielle, y compris les schémas, la nomenclature, la disposition des circuits imprimés, etc. est fournie Type d'objectif : Norme M12 Processeur : NXP LPC4330, 204 MHz, double cœur Capteur d'image : Aptina MT9M114, résolution 1296x976 avec processeur de flux d'images intégré Champ de vision de l'objectif : 80 degrés horizontal, 40 degrés vertical Consommation électrique : 140 mA typique Entrée d'alimentation : entrée USB (5 V) ou entrée non régulée (6 V à 10 V) RAM : 264 K octets Flash : 2 M octets Sorties de données disponibles : série UART, SPI, I2C, USB, numérique, analogique Source lumineuse intégrée, environ 20 lumens Poids : 10 grammes",Average rating is 0.00 stars
"Contrôleur de Un Moteur 20A, 6 à 30V Cytron",Cytron,https://eu.robotshop.com//fr/products/controleur-un-moteur-20a-6-30v-cytron#,"Prix en promotion€24,20","Le Contrôleur de Un Moteur 20A, 6 à 30V Cytron permet le contrôle bidirectionnel d'un moteur CC à balais haute puissance de 6V à 30V. Avec sa conception discrète NMOS H-Bridge, ce pilote de moteur est capable de supporter 20Amp en continu, sans dissipateur thermique. Les boutons de test intégrés et les voyants de sortie du moteur permettent un test fonctionnel du pilote de manière rapide et pratique sans connecter le contrôleur hôte. Il est compatible avec le fonctionnement des signaux PWM à magnitude de signe et à antiphase verrouillée. Les entrées (PWM, DIR) sont compatibles avec les logiques 1.8V, 3.3V, 5V et 12V (Arduino, Raspberry Pi, PLC, etc.). La fréquence PWM va jusqu'à 20 kHz (la fréquence de sortie est identique à la fréquence d'entrée).",,Average rating is 4.83 stars
Logiciel de programmation graphique Lynxmotion FlowBotics Studio (Téléchargement),FlowBotics,https://eu.robotshop.com//fr/products/logiciel-programmation-graphique-lynxmotion-flowbotics-studio-telechargement#,"Prix en promotion€0,00"," Qu'est-ce que FlowBotics Studio ? FlowBotics Studio est une nouvelle plate-forme de développement pour les logiciels robotiques : il intègre le puissant langage graphique de programmation FlowBotics Studio, et comprend de nombreux projets robotiques de démonstration pour vous aider à débuter. Il peut être utilisé pour contrôler à peu près n'importe quelle plate-forme robotique, carte d'acquisition de données, contrôleur de moteur, carte de servomoteur, carte son, ou webcam.  FlowBotics Studio intègre des centaines de composants intégrés qui vous permettent de connecter votre PC à la plupart des périphériques standards PC et, en utilisant le langage de programmation FlowBotics Studio, vous pouvez créer rapidement de nouveaux composants pour un nouveau matériel. Vous pouvez également créer facilement de nouveaux projets avec des écrans, curseurs, boutons, interrupteurs, etc. GUI personnalisés qui fonctionneront en direct au sein de FlowBotics Studio sans avoir à attendre une compilation. L'utilisation du langage de programmation FlowBotics Studio est aussi simple que de faire glisser de nouveaux composants depuis la bibliothèque dans le schéma du projet, et de réaliser des liens verts pour connecter une sortie de composant à l'entrée d'un autre. FlowBotics Studio dispose même d'un support pour l'écriture de modules personnalisés en Ruby, un langage procédural traditionnel. Projets de démonstration sous FlowBotics Studio Il existe une collection croissante de projets de démonstration pré-conçus pour une utilisation avec votre matériel robotique : la gamme des démos depuis des interfaces graphiques va de la simple carte avec capteur (qui vous donne accès aux signaux analogiques et numériques en temps réel) aux applications robotiques à part entière (disposant de représentations visuelles de vos robots pouvant être directement manipulées avec la souris) : le projet calcule la cinématique inverse et déplace immédiatement le robot. Les projets comportent également un puissant composant séquenceur de modèles utilisé pour construire des modèles réutilisables qui vous permettent de programmer la démarche d'un robot marcheur en quelques minutes ou heures, au lieu de plusieurs jours ou semaines.  Étant donné que les sources des projets de démonstration sont offertes, ils peuvent être modifiés pour s'adapter à un usage spécifique ou des pièces peuvent être extraites pour une utilisation dans de nouveaux projets et les nouvelles démos seront disponibles par le biais des mises à jour FlowBotics. Les graphiques sous FlowBotics Studio  Le langage de programmation FlowBotics Studio comprend un puissant moteur graphique qui vous permet de réaliser des objets graphiques personnalisés à l'aide de bitmaps standards ou en dessinant vos propres formes à l'écran. Grâce à ce système, vous pouvez construire des interfaces entièrement personnalisées pour vos projets et intégrer des photos, des dessins et des graphiques. La vidéo sous FlowBotics Studio En utilisant FlowBotics Studio, vous pouvez enregistrer et lire des vidéos depuis votre webcam et, en utilisant certains des modules de traitement vidéo, vous pouvez réaliser de la détection de mouvement, de couleur et de la reconnaissance faciale. Le moteur graphique peut même afficher de la vidéo en direct au sein de l'interface graphique de votre projet. L'audio sous FlowBotics Studio FlowBotics Studio dispose également d'un puissant moteur audio qui vous permet d'enregistrer et de lire des sons, et même de générer les vôtres. Vous pouvez importer des fichiers WAV et MP3 et traiter l'audio en utilisant des modules de traitement du signal tels que EQ : vous pouvez même créer vos propres sons de synthétiseur grâce aux oscillateurs et filtres intégrés. Interface vers le monde extérieur FlowBotics Studio accepte une vaste gamme d'interfaces informatiques, des cartes d'acquisition de données, à la domotique, aux webcams, cartes son, réseaux, ports série et périphériques USB. Il existe des milliers de périphériques pris en charge, dont des pièces de Lynxmotion, Phidgets et Pololu ainsi que des pièces de mise en œuvre standard Bluetooth, Xbee, Modbus, TCP/ IP, UD / IP, HID, RS232, RS485, Bus CAN, SPI, I2C, X10, DMX512 et autres protocoles courants.  Applications Robotique amateur Utilisez FlowBotics Studio pour contrôler votre robotique amateur, grâce aux projets de démonstration pré-conçus pour plusieurs kits Lynxmotion ou construisez vos propres projets juste pour le plaisir. Éducation STIM (science, technologie, ingénierie et mathématique) FlowBotics Studio est l'outil idéal pour l'éducation. Il est suffisamment simple pour pouvoir être utilisé par les enfants des écoles secondaires et supérieures, mais aussi suffisamment puissant pour être utilisé par des étudiants universitaires pour des études du premier cycle et des cycles supérieurs. Les capacités de développement rapide du logiciel signifient que vous pouvez obtenir beaucoup plus en une courte leçon que vous le feriez avec des outils de programmation traditionnels.  Science : Utilisez FlowBotics Studio pour créer des applications pour des expériences scientifiques, des tests et mesures, l'enregistrement de données, des graphiques, l'enregistrement de fichiers sur le disque et bien plus encore. Technologie : FlowBotics Studio peut être le cœur de votre conception pour des points tels que la domotique, l'enregistrement A/V, le traitement vidéo, le traitement audio, etc. Ingénierie : Utilisez FlowBotics Studio pour créer des systèmes d'ingénierie mécatroniques dont des systèmes de commande, SCADA (système d'acquisition et de contrôle des données), une interface homme-machine et des systèmes robotiques autonomes. Mathématiques : Utilisez FlowBotics Studio pour enseigner les mathématiques, des nombres binaires et l'algèbre booléen aux fonctions trigonométriques et graphiques. Acquisition de données  Vous recherchez un moyen facile pour capturer des données du monde extérieur ? Le langage FlowBotics Studio dispose d'un support intégré pour de nombreux dispositifs d'acquisition de données connus : par exemple, vous pouvez utiliser un Kit d'interface de capteur Phidgets 8/8/8 pour échantillonner des signaux analogiques et numériques. Robotique La communication par port série de FlowBotics Studio permet de vous connecter à une large gamme de robots à faible coût. Vous pouvez utiliser la cinématique inverse (IK) et des modules PID (proportionnel intégral dérivé) pour gérer un mouvement et créer d'impressionnantes interfaces utilisateur interactives pour contrôler votre robot en direct.  Traitement de signal numérique En connectant des périphériques d'E/S analogiques externes, vous pouvez diffuser des signaux de données à haut débit directement dans FlowBotics Studio. Les composants de données de flux et les composants de code DSP peuvent alors être utilisés pour créer un traitement complexe du signal, et tout ceci se passe en temps réel. Vous pouvez même ajuster vos algorithmes et votre interface utilisateur en direct (alors que vos données continue de circuler). Cela rend le processus de développement extrêmement rapide puisque vous en voyez immédiatement les effets. Traitement de l'image  Le langage FlowBotics Studio possède de nombreuses fonctions vidéo intégrées. Vous pouvez facilement connecter des webcams externes, enregistrer de la vidéo sur un disque et réaliser des tâches complexes telles que le mouvement, la détection faciale et de couleur avec facilité. Domotique et sécurité de la maison À l'aide du système domotique X10, vous pouvez créer une domotique ou système d'alarme entièrement personnalisés. À l'aide de capteurs infrarouges passifs, vérifiez les déplacements et déclenchez des lumières et des caméras. Utilisez FlowBoard et le module GSM pour vous faire envoyer des alertes SMS si des évènements importants se produisent. Allumez et éteignez des appareils ou l'éclairage. Industrie FlowBotics Studio est même utilisé dans l'industrie pour créer des applications complexes de test et de mesure, SCADA, des enregistrements des données, un contrôle de machines et même des drones. Boutique d'Applications RobotShop  La Logiciels et Applications  est le nouvel endroit de trouver et de vendre des projets et des modules réalisés dans FlowBotics Studio. Les développeurs peuvent créer des applications robotiques avec FlowBotics Studio, puis les ajouter à la Boutique d'Applications RobotShop pour être en mesure de les vendre à d'autres propriétaires de robots et de gagner de l'argent. Par exemple, voici le nouvel Outil Séquenceur Pour Contrôleur SSC-32 fait avec FlowBotics Studio. Cet outil est l'un des projets de démonstration avec source fournie que vous pouvez modifier pour satisfaire à vos besoins spécifiques. Si vous avez des questions sur la Boutique d'Applications RobotShop, y compris la façon de soumettre une application, veuillez voir le un onglet Proposez une Application Robotique dans la FAQ de la Boutique d'Applications RobotShop.","Compatible avec Windows XP SP2 (avec .NET Framework), Windows 7 et Windows 8. Connexion Internet requise. Exigences minimales pour Windows XP : 2 GHz (simple cœur), 1 Go de RAM et une résolution de 1024x768.",Average rating is 5.00 stars
Kit de Développement Scanner Laser 360° RPLIDAR,Slamtec,https://eu.robotshop.com//fr/products/kit-developpement-scanner-laser-360-rplidar-2#,"Prix en promotion€97,95","Le Kit de Développement Scanner Laser 360° RPLIDAR est une solution LIDAR 2D à faible coût développée par l'équipe RoboPeak. Il peut scanner un environnement de 360 ​​° dans un rayon de 12 mètres. La sortie de RPLIDAR est très appropriée pour construire une carte, faire un SLAM ou construire un modèle 3D.  La fréquence de balayage de RPLIDAR A1 a atteint 5,5 hz lors de l'échantillonnage de 360 ​​points à chaque tour. Et il peut être configuré jusqu'à 10 hz maximum. RPLIDAR A1 est essentiellement un système de mesure par triangulation laser. Il peut travailler parfaitement dans toutes sortes d'environnement d'intérieur et d'environnement extérieur sans lumière du soleil.","PLage de distance: 0.15 - 12 m (avec objet blanc à refléter dans le test) Champ de vision angulaire: 0 ~ 360 ° Résolution: 0,5-1,0% (minimum 0,5 mm) @ <1,5 m Résolution angulaire: Inférieure ou égale à 1 ° (lors de la numérisation à 5,5 Hz) Fréquence d'échantillonnage: 4000 - 8000 Hz Fréquence de balayage: 1 ~ 10Hz, valeur typique de 5.5Hz (lorsque RPLIDAR prend 360 points par balayage, la fréquence de balayage est la valeur typique) Longueur d'onde laser: 775 ~ 795nm, valeur typique 785nm (bande infrarouge) Largeur d'impulsion: 110 us Valeur minimale: TBD Valeur maximale: 5mw Valeur typique: 3mw",Average rating is 4.33 stars
Kit de Démarage pour Capteur EEG MindWave Mobile NeuroSky 2,NeuroSky,https://eu.robotshop.com//fr/products/kit-demarage-pour-capteur-eeg-mindwave-mobile-neurosky-2#,"Prix en promotion€149,80","Le Kit de Démarage pour Capteur EEG MindWave Mobile NeuroSky 2 nécessite des dizaines d'années de recherche en technologie EGG en laboratoire et vous la met entre vos mains. Il suffit de glisser sur le casque et de voir vos ondes cérébrales changer en temps réel. Surveillez vos niveaux d'attention et de relaxation, et apprenez comment votre cerveau réagit à votre musique préférée. Avec plus de 100 jeux d'entraînement cérébral et des applications éducatives disponibles dans le magasin, il y a beaucoup d'options à choisir en fonction de votre âge et vos intérêts personnels.  C'est une excellente introduction au monde de l'interface cerveau-ordinateur! Le casque mobile MindWave transfère les données via Bluetooth / flexible pour communiquer sans fil avec votre ordinateur et vos appareils mobiles (iOS et Android). Vous pouvez également écrire vos propres programmes pour interagir avec l'esprit Wave mobile en utilisant les outils de développement gratuits (disponibles en téléchargement gratuit dans le magasin NeuroSky).","Utilise le module TGAM1 Appairement sans fil automatique Batterie AAA simple (non incluse) 8 heures de fonctionnement de la batterie Module bimode BT / BLE (gamme de 10 mètres). Dongle Bluetooth non incluse. ID de casque statique (les casques ont un identifiant unique à des fins d'appariement) Plateformes prises en charge: Windows (XP / 7/8/10), Mac (OSX 10.8 ou ultérieur), iOS (iOS 8 ou ultérieur) et Android (Android 2.3 ou ultérieur) Sorties 12 bits Raw-Brainwaves (3 - 100Hz) avec un taux d'échantillonnage à 512Hz Sorties Spectrums de puissance EEG (Alpha, Beta, etc.) Produit un compteur eSense propriétaire de NeuroSky tel que Attention, Méditation et autres compteurs futurs Analyse de la qualité du signal EEG / ECG (peut être utilisé pour détecter un mauvais contact et si l'appareil est hors de la tête) Poids: 90g Bras du capteur est relevé: hauteur: 225mm x largeur: 155mm x profondeur: 92mm Bras du capteur abaissé: hauteur: 225mm x largeur: 155mm x profondeur: 165mm BT / BLE module double mode BT (SPP) pour PC, Mac, Android BLE (GATT) pour iOS BT Range: 10m de portée Des applications iOS et Android supplémentaires distinctes sont disponibles via leur magasin d'applications mobiles respectif",Average rating is 5.00 stars
Module Contrôleur / d'Interface Actuonix,Actuonix,https://eu.robotshop.com//fr/products/module-controleur-interface-actuonix#,"Prix en promotion€34,57","La carte de commande d'actionneur linéaire Actuonix est une carte de commande autonome en boucle fermée spécialement conçue pour les actionneurs Actuonix. Le LAC simplifie considérablement les conceptions en réduisant le temps de développement, les coûts et la surcharge du processeur associés au contrôle direct du moteur. Une seule sortie numérique ou analogique est nécessaire pour le contrôle de position.  Le LAC peut être utilisé à la fois comme carte d'interface ou comme contrôleur autonome avec l'ajout d'un potentiomètre externe et d'une alimentation. Chaque carte LAC contrôle un actionneur linéaire et nécessitera une alimentation électrique externe adaptée à l'actionneur. Le LAC fonctionnera avec les L12-P, PQ12-P et L16-P. Il peut également être capable de piloter d'autres actionneurs plus grands qui ont un retour de position.",,Average rating is 5.00 stars
Capteur d'image Charmed Labs Pixy 2.1 Robot Vision pour LEGO,Charmed Labs,https://eu.robotshop.com//fr/products/capteur-image-charmed-labs-pixy-21-robot-vision-pour-lego#,"Prix en promotion€75,94","Le capteur d'image Charmed Labs Pixy 2.1 Robot Vision pour LEGO est plus petit, plus rapide et plus performant que le Pixy d'origine. Pixy 2 peut apprendre à détecter les objets que vous lui apprenez, simplement en appuyant sur un bouton. De plus, il dispose de nouveaux algorithmes qui détectent et suivent les lignes à utiliser avec des robots suiveurs de ligne. Les nouveaux algorithmes peuvent également détecter les intersections et les «panneaux de signalisation». Les panneaux de signalisation peuvent dire à votre robot quoi faire, comme tourner à gauche, tourner à droite, ralentir, etc. Et Pixy2 fait tout cela à 60 images par seconde, donc votre robot peut aussi être rapide. Pixy2 est livré avec un câble spécial à brancher directement sur un Arduino et un câble USB à brancher sur un Raspberry Pi, pour que vous puissiez démarrer rapidement. Pas d'Arduino ou de Raspberry Pi ? Aucun problème! Pixy2 a plusieurs interfaces (SPI, I2C, UART et USB) et des communications simples, de sorte que votre contrôleur choisi parle à Pixy2 en peu de temps. Champ de vision plus large La nouvelle version 2.1 a un champ de vision de 80 degrés et offre un champ de vision plus large. Il y a une certaine distorsion sphérique avec le nouvel objectif, qui vient avec un champ de vision plus large. Lentille remplaçable et mise au point réglable La monture d'objectif M12 vous permet de remplacer un objectif différent et dispose d'une mise au point réglable qui permet de faire la mise au point sur des objets à pratiquement n'importe quelle distance, y compris aussi près que 0,25 pouce. Moins de distorsion chromatique et moins de bruit de pixel Le nouvel objectif n'a pratiquement aucune distorsion chromatique sur les bords, alors que la version précédente de Pixy avait une distorsion chromatique mesurable. De plus, le nouvel objectif a un F-stop de 2,0 par rapport à l'objectif précédent qui avait un F-stop de plus de 3,0. Cela signifie une meilleure capacité de collecte de lumière, plus de signal et moins de bruit pour une quantité donnée de lumière ambiante. Moins de bruit signifie une meilleure précision de détection pour cette nouvelle version de Pixy.  Si vous voulez que votre robot effectue une tâche telle que ramasser un objet, chasser une balle, localiser une station de charge, etc., et que vous voulez qu'un seul capteur vous aide à accomplir toutes ces tâches, alors la vision est votre capteur. Les capteurs de vision (image) sont utiles car ils sont très flexibles. Avec le bon algorithme, un capteur d'image peut détecter ou détecter pratiquement n'importe quoi. Mais il y a deux inconvénients avec les capteurs d'image : 1) ils produisent beaucoup de données, des dizaines de mégaoctets par seconde, et 2) le traitement de cette quantité de données peut surcharger de nombreux processeurs. Et si le processeur peut suivre le rythme des données, une grande partie de sa puissance de traitement ne sera pas disponible pour d'autres tâches.  Pixy2 résout ces problèmes en associant un puissant processeur dédié au capteur d'image. Pixy2 traite les images du capteur d'image et n'envoie que les informations utiles (ex : dinosaure violet détecté à x=54, y=103) à votre microcontrôleur. Et il le fait à la fréquence d'images (60 Hz). Les informations sont disponibles via l'une des nombreuses interfaces : série UART, SPI, I2C, USB ou sortie numérique/analogique. Ainsi, votre Arduino ou d'autres microcontrôleurs peuvent communiquer facilement avec Pixy2 et avoir encore beaucoup de CPU disponible pour d'autres tâches. 60 images par seconde
Que signifie « 60 images par seconde » ? En bref, cela signifie que Pixy2 est rapide. Pixy2 traite une image entière tous les 1/60e de seconde (16,7 millisecondes). Cela signifie que vous obtenez une mise à jour complète de toutes les positions des objets détectés toutes les 16,7 ms. À ce rythme, il est possible de suivre la trajectoire de la balle qui tombe/rebondit. (Une balle voyageant à 40 mph se déplace de moins d'un pied en 16,7 ms.) Si votre robot effectue un suivi de ligne, il se déplacera généralement d'une petite fraction de pouce entre les images.  Dinosaures violets (et autres choses) Pixy2 utilise un algorithme de filtrage basé sur la couleur pour détecter les objets appelé l'algorithme Color Connected Components (CCC). Les méthodes de filtrage basées sur la couleur sont populaires car elles sont rapides, efficaces et relativement robustes. La plupart d'entre nous connaissent RVB (rouge, vert et bleu) pour représenter les couleurs. Pixy2 calcule la couleur (teinte) et la saturation de chaque pixel RVB à partir du capteur d'image et les utilise comme paramètres de filtrage principaux. La teinte d'un objet reste en grande partie inchangée avec les changements d'éclairage et d'exposition. Les changements d'éclairage et d'exposition peuvent avoir un effet frustrant sur les algorithmes de filtrage des couleurs, provoquant leur rupture. L'algorithme de filtrage de Pixy2 est robuste en ce qui concerne les changements d'éclairage et d'exposition. Sept signatures de couleur L'algorithme CCC de Pixy2 mémorise jusqu'à 7 signatures de couleurs différentes, ce qui signifie que si vous avez 7 objets différents avec des couleurs uniques, l'algorithme de filtrage des couleurs de Pixy2 n'aura aucun problème à les identifier. Si vous avez besoin de plus de sept, vous pouvez utiliser des codes de couleur. Apprenez-lui les objets qui vous intéressent
Pixy2 est unique car vous pouvez lui apprendre physiquement ce que vous souhaitez ressentir. Dinosaure violet ? Placez le dinosaure devant Pixy2 et appuyez sur le bouton. Boule orange ? Placez la balle devant Pixy2 et appuyez sur le bouton. C'est facile et c'est rapide. Plus précisément, vous enseignez Pixy2 en tenant l'objet devant son objectif tout en maintenant enfoncé le bouton situé en haut. Ce faisant, la LED RVB sous l'objectif fournit des informations sur l'objet qu'elle regarde directement. Par exemple, la LED devient orange lorsqu'une boule orange est placée directement devant Pixy2. Relâchez le bouton et Pixy2 génère un modèle statistique des couleurs contenues dans l'objet et les stocke en flash. Il utilisera ensuite ce modèle statistique pour trouver des objets avec des signatures de couleur similaires dans son cadre à partir de là. Pixy2 peut apprendre sept signatures de couleur, numérotées de 1 à 7. La signature couleur 1 est la signature par défaut. Pour apprendre à Pixy2 les autres signatures (2-7), il suffit d'appuyer sur une simple séquence de boutons.  PixyMon vous permet de voir ce que voit Pixy
PixyMon est une application qui s'exécute sous Windows, macOS et Linux. Il vous permet de voir ce que Pixy voit, que ce soit sous forme de vidéo brute ou traitée. Il vous permet également de configurer votre Pixy, de définir le port de sortie et de gérer les signatures de couleur. PixyMon communique avec Pixy via un câble mini USB standard. PixyMon est idéal pour déboguer votre application.  Prise en charge du contrôleur Pixy peut facilement se connecter à de nombreux contrôleurs différents car il prend en charge plusieurs options d'interface (série UART, SPI, I2C, USB ou sortie numérique/analogique), mais Pixy a commencé sa vie en parlant à Arduinos. La prise en charge d'Arduino Due, Raspberry Pi et BeagleBone Black a été ajoutée.","Pixy2 détecte les lignes, les intersections et les petits codes-barres, destinés aux robots suiveurs de ligne Fréquence d'images améliorée - 60 images par seconde Des algorithmes de suivi ont été ajoutés à la détection d'objets basée sur la couleur Bibliothèques améliorées et simplifiées pour Arduino, Raspberry Pi et autres contrôleurs Source lumineuse intégrée Système de vision petit, rapide, facile à utiliser, peu coûteux et facilement disponible Apprend à détecter les objets que vous lui apprenez Se connecte à Arduino avec le câble inclus. Fonctionne également avec Raspberry Pi, BeagleBone et des contrôleurs similaires Toutes les bibliothèques pour Arduino, Raspberry Pi, etc. sont fournies C/C++ et Python sont pris en charge Communique via l'une des nombreuses interfaces : SPI, I2C, UART, USB ou sortie analogique/numérique L'utilitaire de configuration fonctionne sous Windows, MacOS et Linux Tous les logiciels/micrologiciels sont sous licence GNU open source Toute la documentation matérielle, y compris les schémas, la nomenclature, la disposition des circuits imprimés, etc. est fournie Type d'objectif : Norme M12 Processeur : NXP LPC4330, 204 MHz, double cœur Capteur d'image : Aptina MT9M114, résolution 1296x976 avec processeur de flux d'image intégré Champ de vision de l'objectif : 80 degrés horizontal, 40 degrés vertical Consommation électrique : 140 mA typique Entrée d'alimentation : entrée USB (5 V) ou entrée non régulée (6 V à 10 V) RAM : 264 K octets Flash : 2 M octets Sorties de données disponibles : série UART, SPI, I2C, USB, numérique, analogique Source lumineuse intégrée, environ 20 lumens Poids : 10 grammes",Average rating is 0.00 stars
Hub VINT Phidget,Phidgets,https://eu.robotshop.com//fr/products/hub-vint-phidget#,"Prix en promotion€40,33","Le Hub VINT Phidget vous permet de connecter six dispositifs à votre ordinateur via un seul port USB. Chaque port VINT peut réaliser l'un des quatre rôles suivants : communiquer avec un dispositif VINT intelligent, lire un capteur de tension de 0 à 5 V ou ratiométrique, fonctionner comme une sortie numérique, ou lire des commutateurs comme une entrée numérique. Chaque port possède une broche d'alimentation et de masse, de sorte que vous pouvez également utiliser les ports pour accéder directement à l'alimentation de tension de l'USB. Contrôlez des moteurs et des DEL, mesurez la température ou le mouvement, ou construisez un système à grande échelle comportant de nombreuses entrées et sorties. Les dispositifs VINT sont dotés de la fonctionnalité « plug and program » : ils sont découverts automatiquement par l'API Phidget avec la même facilité de programmation que vous attendez toujours de Phidgets. Chaque dispositif VINT est équipé d'une API complète comportant des fonctions et des événements pour rendre la programmation instantanée.  Parfois, vous avez juste besoin de quelques capteurs de tension analogiques simples. Heureusement, votre collection de capteurs d'Entrée Analogiques Phidget n'est pas obsolète ; chaque port du Hub VINT USB peut interfacer avec un capteur de 0 à 5 V. Le port VINT est compatible à la fois avec les capteurs analogiques ratiométriques et non ratiométriques de Phidget.  En mode de sortie numérique, vous pouvez utiliser un port VINT pour actionner des DEL, des relais, des circuits numériques et d'autres dispositifs électroniques simples. Chaque port est compatible MLI, ce qui vous permet de réduire la luminosité des DEL à une valeur spécifique. Branchez un contact pour commutateur ou capteur directement dans un port VINT et utilisez le mode Entrée numérique pour lire l'état du commutateur. Si vous avez besoin de plus de six entrées ou sorties, vous pouvez développer l'ensemble en fixant un module E/S VINT. Par exemple, certains modules de sortie numérique VINT comportent 16 sorties, ce qui fournit 96 sorties numériques sur un seul Hub VINT Phidget ! Consultez l'onglet « Produits compatibles » pour voir une liste de modules.","Contrôlée par : USB Nombre de ports VINT : 6 Tension USB min. : 4,5 V CC Tension USB max. : 5,3 V CC Vitesse USB : haute vitesse Consommation électrique min. : 32,5 mA Courant externe disponible : 470 mA Résolution de l'entrée de tension : * 16 bits Impédance d'entrée du capteur : 324 kΩ Tension d'entrée min. (CC) : 0 V CC Tension d'entrée max. (CC) : 5 V CC Bruit de l'entrée de tension : ± 630 μV CC Intervalle d'échantillonnage max. : 60 s/échantillon Nombre d'entrées de tension : 6 (partagées) Intervalle d'échantillonnage min. : 1 ms/échantillon Bruit de tension : 1,3 mV CC Résistance de rappel au niveau haut : 124 kΩ Basse tension max. (vrai) : 1 V CC Haute tension min. (faux) : 1,8 V CC Durée de déclenchement de basse tension min : 3 ms Durée de déclenchement de haute tension min : 3 ms Tension d'entrée numérique max. : 5,5 V CC Type d'entrée numérique : commutateur (actif bas) Nombre d'entrées numériques : 6 (partagées) Résistance de série : 510 Ω Courant de sortie numérique disponible : 8,1 mA Tension de sortie numérique min. : 0 V CC Tension de sortie numérique max. : 3,3 V CC Fréquence MLI max. : 50 kHz Résolution MLI : 0,8 % Nombre de sorties numériques : 6 (partagées) Température nominale min. : -40 °C Température nominale max. : 85 °C",Average rating is 5.00 stars
Carte de développement de microcontrôleur USB Teensy 4.1 (sans broches),PJRC,https://eu.robotshop.com//fr/products/carte-developpement-microcontroleur-usb-teensy-41-sans-broches#,"Prix en promotion€36,30","La carte de développement de microcontrôleur USB Teensy 4.1 (sans broches) comprend le microcontrôleur le plus rapide et un ensemble étendu de périphériques puissants dans un facteur de forme de 2,4 x 0,7 pouces.  Teensy 4.1 peut être programmé à l'aide de l'IDE Arduino avec l'add-on Teensyduino. Conçu pour amener toutes les broches d'E / S à usage général vers des pads compatibles avec la maquette sur les bords extérieurs.  ",Ethernet: 10/100 Mbit DP83825 PHY (6 broches) Hôte USB: 5 broches avec gestion de l'alimentation SDIO (données 4 bits): prise Micro SD Broches PWM: 35 Entrées analogiques: 18 Ports série: 8 Mémoire flash: 8 Mo Mémoire QSPI: 2 puces plus la mémoire de programme E / S compatibles avec la planche à pain: 42 Signaux du bas du pad SMT: 7 Signaux de la carte SD: 6 Nombre total de broches d'E / S: 55,Average rating is 4.56 stars
Kit de développement d'enceintes intelligentes M5Stack ATOM Echo,M5Stack,https://eu.robotshop.com//fr/products/kit-developpement-enceintes-intelligentes-m5stack-atom-echo#,"Prix en promotion€16,13","Le kit de développement de haut-parleurs intelligents M5Stack ATOM Echo est un haut-parleur intelligent programmable basé sur la conception M5ATOM. Son facteur de forme est très petit. La musique peut être lue à l'aide des capacités Bluetooth de l'ESP32 à partir d'un téléphone portable ou d'une tablette. L'appareil pourrait être programmé pour accéder à AWS, Baidu et à d'autres plates-formes cloud, en utilisant le microphone et le haut-parleur intégrés pour l'interaction vocale, de sorte que M5AtomECHO dispose de certaines capacités d'IA, réalisant le contrôle vocal, la narration, l'Internet des objets et d'autres fonctions. Le haut-parleur est intégré avec une LED RVB (SK6812), qui peut afficher visuellement l'état de la connexion. Remarque : ce produit n'est pas recommandé pour lire de la musique basse fréquence ou lourde pendant une longue période.","SoC: ESP-PICO-D4, 240 MHz, double cœur, BLE, Wi-Fi Flash: 4 Mo Interface: 1x IR-TX, 1x bouton de fonction, 1x bouton de réinitialisation PinOut: G21 / G25 / 5V / GND, 3V3 / G22 / G19 / G23 / G33 LED RVB: SK6812 Haut-parleur: 0.5W / NS4168 I2S Téléphone micro: SPM1423 PDM Poids: 5 g Matériau du boîtier: plastique (PC)",Average rating is 0.00 stars
Moteur DC 12V 251RPM avec Encodeur,DFRobot,https://eu.robotshop.com//fr/products/moteur-dc-12v-251rpm-encodeur#,"Prix en promotion€33,42","Le moteur 12V CC à 251 tr/min avec encodeur est un moteur à engrenages avec encodeur. Cet article est un puissant moteur 12V avec une boîte à engrenages métallique 43.7:1 et un encodeur en quadrature intégré qui fournit une résolution de 16 CPR de l'arbre moteur, soit 700 CPR de l'arbre de sortie de la boîte à engrenages. Ces unités ont un arbre de sortie en D de 6 mm de diamètre et de 1,55 cm de long. Ce moteur est destiné à être utilisé à 12V, même si le moteur peut commencer à tourner à une tension basse de 1V. Ce moteur est idéal pour les projets de robots mobiles. ",Rapport de Transmission : 43.8:1 Tension Nominale: 12V RPM Sans Charge: 251 Courant Sans Charge: 0.35A RPM Nominal: 204 Couple Nominal: 45 oz-in Courant de Démarrage: 7A Couple de Décrochage: 250 oz-in Type d'Axe: En forme de D,Average rating is 4.55 stars
Zimaboard 832 Single Board Server ( bundle de démarrage),IceWhale Technology Limited,https://eu.robotshop.com//fr/products/zimaboard-832-single-board-server-bundle-demarrage#,"Prix en promotion€249,73",,"Processeur : Intel Celeron N3450 Quad Core 1,1-2,2 GHz RAM : 8G LPDDR4 Stockage embarqué : 32 Go eMMC eMMC 5.1 Disque dur/SSD : 2 ports SATA 6,0 Gb/s LAN : 2 ports LAN GbE USB : 2x USB 3.0 PCle : 1x PCle 2.0 4x Affichage : 1x Mini-DisplayPort 1.2 4k à 60 Hz TDP : 6 W Poids : 278 grammes Refroidissement passif Virtualisation : Intel VT-d, VT-x Sécurité : AES-NI Transcodage : prise en charge de la vidéo 4K Décodage : H.264 (AVC), H.265 (HEVC), MPEG-2, VC-1 Système d'exploitation préinstallé : CasaOS (basé sur Debian) OS compatibles : Linux / Windows / OpenWrt / pfSense / Android / Libreelec",Average rating is 0.00 stars
Contrôleur de Moteur Regénératif SyRen 10A 6V-24V Dimension Engineering,Dimension Engineering,https://eu.robotshop.com//fr/products/controleur-moteur-regeneratif-syren-10a-6v-24v-dimension-engineering#,"Prix en promotion€53,92","Le Contrôleur de Moteur Regénératif SyRen 10A 6V-24V Dimension Engineering est un des contrôleurs de moteur le plus versatile, efficace et simple à utiliser sur le marché. Il est parfait pour des robots de taille moyenne - jusqu'à 30lbs en combat ou 100lbs pour utilisation robotique générale. Le SyRen 10 Dimension Engineering peut contrôler un moteur CC à brosse avec jusqu'à 10A en continu. Des courants de 15A sont possibles pour quelques secondes. La protection contre l'excès de température et de courant veut dire que vous n'aurez jamais à vous en faire concernant le dommage au contrôleur si vous y branchez un moteur trop puissant ou si un moteur devient bloqué.Avec un seul contrôleur SyRen, vous pouvez contrôler un moteur avec: un voltage analogique, une radio commande (R/C), une communication sérielle ou par paquet. Vous pourrez construire plusieurs robots d'une complexité grandissante avec le SyRen pour plusieurs années à venir. Avec deux SyRen vous pouvez implanter un système différentiel (tank style) puisqu'ils fonctionnent en tandem avec le mixage intégré. Les modes d'opération sont changés à partir des commutateurs ""DIP"" donc aucun ""jumper"" à perdre. Le SyRen est caractérisé par des terminaux à vis - rendant possible la construction d'un robot sans jamais toucher à la soudure.Le SyRen est le premier contrôleur de moteur avec synchronisation régénérative dans sa classe. La topologie régénérative veut dire que vos batteries se font recharger lorsque vous ralentissez ou reculez! Le SyRen vous permet aussi de faire des arrêts ou marche arrière rapidement - donnant à votre robot une rapidité d'exécution qui vous démarque de la compétition. Le SyRen a un circuit d'élimination de batteries (BEC) 5V qui peut alimenter un microcontrôleur ou un receveur R/C. Le mode ""cutoff"" Lithium vous permet d'opérer le SyRen sans risques avec des batteries Lithium Ion et Polymère de Lithium - les batteries offrant la plus haute densité énergétique. Les transistors du SyRen sont commutés à des vitesses ultrasoniques (32kHz), ce qui veut dire que personne ne pourra entendre approcher votre armée de robots ninja. Applications:","Jusqu'à 16V: 10A en continue, 15A crête Jusqu'à 24V: 5A en continue, 10A continue avec dissipateur thermique additionnel, 15A crête",Average rating is 5.00 stars
Boussole avec Inclinaison Compensée (CMPS14),Devantech,https://eu.robotshop.com//fr/products/boussole-inclinaison-compensee-cmps14#,"Prix en promotion€47,78","La Boussole avec Inclinaison Compensée (CMPS14) utilise un magnétomètre à 3 axes, un gyroscope à 3 axes et un accéléromètre à 3 axes. Le superbe module BNO080 utilise des algorithmes pour éliminer les erreurs causées par l’inclinaison du circuit imprimé. Le module permet également d’arrêter l’étalonnage et de s’appuyer plutôt sur un profil d’étalonnage statique.  Les conditions d'alimentation sont flexibles, vous pouvez alimenter entre 3,3 et 5 V et le module consomme un courant nominal de 18 mA. Un choix d'interfaces série ou I2C peut être utilisé pour la communication.","Puissance - 3.3V - 5V 18mA Typ Résolution - 0,1 degré Précision - 5 ° Niveaux de signal - 3.3V, 5V tolérant Mode I2C - jusqu'à 400 kHz Mode série - 9600, 19200, 38400 bauds",Average rating is 5.00 stars
Boîte à Engrenages Double Tamiya,Tamiya,https://eu.robotshop.com//fr/products/boite-engrenages-double-tamiya#,"Prix en promotion€9,59",,,Average rating is 4.27 stars
Contrôleur de Servomoteurs USB SSC-32U Lynxmotion,Lynxmotion,https://eu.robotshop.com//fr/products/controleur-servomoteurs-usb-ssc-32u-lynxmotion#,"Prix en promotion€51,80","Le Contrôleur de Servomoteurs USB SSC-32U de Lynxmotion est la dernière version de la très populaire carte contrôleur de servomoteur SSC-32. Il dispose d'un port USB, d'un socle Xbee, d'un circuit d'alimentation amélioré, et d'un grand nombre d'autres améliorations. Contrôleur de servomoteurs SSC-32ULe contrôleur de servomoteurs SSC-32U de Lynxmotion est un petit contrôleur de servomoteurs pré-assemblé doté de quelques grandes caractéristiques. Il a une haute résolution (1 uS) pour un positionnement précis et des mouvements tout en douceur. La plage est de 0,50 à 2,50 mS pour une portée d'environ 180°. Le contrôle de mouvement peut être à réponse immédiate, à vitesse contrôlée, à mouvement paramétré, ou une combinaison. Un « Mouvement de groupe » unique permet n'importe quelle combinaison de servomoteurs afin qu'ils débutent et terminent leurs mouvements en même temps, même si les servomoteurs doivent se déplacer à des distances différentes. C'est une fonctionnalité très puissante pour la création d'allures de marche complexes pour des robots marcheurs à servomoteurs multiples. La position ou le mouvement du servomoteur peuvent être interrogés pour fournir une rétroaction à l'ordinateur hôte. Il y a même un séquenceur hexapode de 12 servomoteurs intégré. Ceci permet un contrôle complet de tous les aspects de la démarche alternative sur trois pieds en transférant simplement quelques valeurs depuis le contrôleur hôte. Toute broche de sortie peut être utilisée en tant que sortie de niveau TTL. Il existe 8 broches d'entrées analogiques pour la lecture des valeurs des capteurs, et six d'entre elles peuvent être utilisées comme entrées numériques statiques ou verrouillées, ainsi vous n'avez pas à vous soucier de manquer un court événement. La nouvelle carte SSC-32U dispose d'une puissance et d'une gestion de la communication améliorées. La carte a également trois blocs borniers, mais le nouveau circuit de puissance fait que la plupart du temps, vous n'aurez qu'à utiliser VS1. Avec la nouvelle carte, les circuits logiques ont de grands condensateurs de protection contre les baisses de tension, et la logique a un pouvoir de sélection automatique de sorte que le cavalier VL = VS1 n'est pas nécessaire. Pour la communication, en plus d'avoir un USB intégré, le SSC-32U dispose d'un socle Xbee pour une utilisation facile avec des appareils sans fil tels que XBees et Bluetooth.  Caractéristiques : Utilitaire séquenceur servomoteur SSC-32 ( créé au moyen de FlowBotics Studio) La carte contrôleur de servomoteur SSC-32 de Lynxmotion peut être facilement contrôlée au moyen de l'utilitaire séquenceur servomoteur SSC-32. Celui-ci est disponible en tant qu'utilitaire téléchargeable gratuitement ce qui le rend simple pour expérimenter la robotique et l'animatronique. Il se trouve dans la section des Liens utiles. Cet utilitaire est un exemple du type de programme qui peut être construit en utilisant FlowBotics Studio (à télécharger), qui comprend ce programme en tant que projet de démonstration en source libre. Le programme utilitaire séquenceur servomoteur SSC-32 vous permet de déplacer facilement des servomoteurs, de calibrer leur position, de stocker et de rejouer des séquences de mouvement, de mettre à niveau le microprogramme SSC-32 et bien plus encore. ","Microprogramme : 2.50USB Microcontrôleur : Atmel ATmega328P EEPROM externe : 512 kbit Séquenceur interne : hexapode à 12 servomoteurs (tripode alterné) Entrée série : USB, Xbee de 3,3 V, TTL UART, N81 Vitesse en bauds : 9 600, 38,4 K, et 115,2 K sélectionnables par bouton poussoir ; autres vitesses par configuration du registre Sorties MLI RC : 32 (servomoteur/TTL) Entrées : 8 (8 analogiques, 6 numériques verrouillées ou statiques) Interface PC : USB mini-B (avec câble) Interface microcontrôleur : embase à pas de 0,1 pouce (0,25 cm) Contrôle du servomoteur : jusqu'à 32 servomoteurs se branchant directement Type de servomoteur pris en charge : Futaba, Hitec et R/C à 3 broches à pas de 0,25 cm classiques Plage de déplacement du servomoteur : de 0,5 à 2,5 ms (la plupart des servomoteurs se déplacent sur 180°) Résolution du servomoteur : 1 uS (~0,09° pour des servomoteurs à 180°, si le servomoteur le permet) Résolution de la vitesse du servomoteur : 1 uS/s Contrôle des mouvements des servomoteurs : immédiats, programmés, en fonction de la vitesse ou synchronisés. Dimensions de la carte PC : 7,62 x 5,84 cm (trous de montage à 0,38 cm de chaque bord) Puissance logique : sélection automatique entre VS1 et VL Courant de crête en VS : 15 A maximum par côté Courant constant en VS : 3 à 5 A maximum recommandés par côté",Average rating is 4.81 stars
Servomoteur HS-422 Hitec,Hitec,https://eu.robotshop.com//fr/products/servomoteur-hs-422-hitec#,"Prix en promotion€18,43","Le Servomoteur HS-422 Hitec est un des servo moteurs les plus fiables et durables offerts par Hitec. Avec ses doubles douilles en fer-oilite, train d'engrenages de résine résistant aux impacts et son circuit à haute performance, le HS-422est caractérisé par un excellent centrage et une excellente résolution.  ",,Average rating is 4.79 stars
Contrôleur de Moteur DC 13A Cytron - Compatible avec GROVE,Cytron,https://eu.robotshop.com//fr/products/controleur-moteur-dc-13a-cytron-compatible-grove#,"Prix en promotion€17,85","Le Contrôleur de Moteur DC 13A - Compatible avec GROVE est le moteur le plus utilisé dans le monde en raison de sa facilité d'utilisation. Il vous suffit d'apporter deux bornes de moteur à balais avec une tension continue pour qu'il commence à tourner ! Cependant, vous avez besoin d'un bon contrôleur de moteur pour contrôler la vitesse et la direction d'un microcontrôleur.",,Average rating is 0.00 stars
Capteur de Distance LIDAR 8m TF-Luna,Benewake,https://eu.robotshop.com//fr/products/capteur-distance-lidar-8m-tf-luna#,"Prix en promotion€23,03","Le Capteur de Distance LIDAR 8m TF-Luna est un LiDAR à point unique, basé sur le principe TOF. Avec une conception optique et électrique unique, il peut atteindre une mesure de plage stable, précise et très sensible.  Le produit est construit avec des algorithmes adaptés à divers environnements d'application et adopte de multiples configurations et paramètres réglables afin d'offrir d'excellentes performances de mesure de distance dans des domaines d'application et des scénarios complexes.  TF-Luna prend en charge le mode d'économie d'énergie pour les applications sensibles à l'énergie, il réduit sa consommation d'énergie en ajustant à la fois le niveau actuel et le rapport cyclique de la source lumineuse. Avec une alimentation de 5 V, la consommation d'énergie de TF-Luna en mode de gamme continue est d'environ 350 mW lorsque la source lumineuse passe au niveau de courant et au rapport cyclique les plus élevés.","Plage de fonctionnement: 0,2 m ~ 8 m (90% de réflectivité) 1 Précision: ± 6 cm à (0,2 - 3 m) 2 | ± 2% à (3-8 m) Résolution de la distance: 1 cm Fréquence d'images: 1-250 Hz 3 Immunité à la lumière ambiante: 70 Klux Température de fonctionnement: -10 ~ 60 ° C Source de lumière: VCSEL Longueur d'onde centrale: 850 nm Sécurité photobiologique: Classe 1 (IEC60825) FOV: 2 ° 4 Tension d'alimentation: 3,7 - 5,2 V Courant moyen: 70 mA Consommation électrique: 0,35 W Courant de crête: 150 mA Niveau de communication: LVTTL (3,3 V) Interface de communication: UART / I2C Boîtier: ABS + PC Température de stockage: -20 ~ 75 ° C Poids: <5 g",Average rating is 0.00 stars
CubePilot Le Cube Orange + Set Standard,CubePilot,https://eu.robotshop.com//fr/products/cubepilot-le-cube-orange-set-standard#,"Prix en promotion€443,67","Le Cube Orange + Set Standard prend en charge plusieurs modes tels que le vagabondage, le maintien d'altitude, le mode (avec waypoints), le mode de suivi, etc. Il fournit une transmission de données de vol en temps réel et offre une commutation facile sur la tension du signal de sortie PWM. Le Cube prend en charge l'évitement d'objets à 360 degrés. Un récepteur ADS-B personnalisé de 1090 MHz d'uAvionix a été intégré dans la nouvelle carte porteuse ADS-B. Cela fournit une nouvelle fonction sans incrément de taille. Les drones équipés de la nouvelle carte porteuse peuvent recevoir l'attitude des avions commerciaux avec équipage dans la plage de sortie ADS-B. Cela informe efficacement l'exploitant d'UAS pour lui permettre d'évaluer les risques de son exploitation actuelle.  Équipé d'un processeur H7 haute performance : H7 dispose d'un FPU double précision (DP), de 1 Mo de RAM et d'un processeur CPU 400 MHz offrant des performances élevées, un fonctionnement extrêmement rapide et une solution stable pour le vol.  Tension de signal PWM flexible : la sortie PWM prend en charge la commutation entre les niveaux de signal 3,3 et 5 V. La commutation de tension peut être effectuée par le logiciel de la station de contrôle au sol. Cela offre une meilleure compatibilité avec les périphériques externes.","Matériau du châssis : Alliage d'aluminium CNC (cube) + Moulage ABS (Carrier Board) Température de fonctionnement : 10~ +55° IMU avec contrôle de température E/S PWM : 14 Interface série Mavlink : 2 Nombre de GPS pris en charge : 2 Interface de débogage : 1 Interface I2C : 1 Interface CAN FD : 2 RTL intelligent Batterie faible protection Géo-clôture Protection des signaux RC Processeur principal : STM32H753VIT6 Coprocesseur : STM32F100 Signaux RC pris en charge : PPM / SBUS / DSM Redondance d'alimentation : triple redondance Capteurs : système triple IMU Micrologiciel pris en charge : micrologiciel de contrôleur de vol open source Ardupilot et PX4 Type de véhicule pris en charge : avions à voilure fixe, hélicoptères avec 3 à 8 moteurs, hélicoptères, avions VTOL, rovers/bateaux/sous-marins Poids : 73 grammes",Average rating is 0.00 stars
Ensemble Contrôleur Leap Motion + Monture pour Casque de VR,Ultraleap,https://eu.robotshop.com//fr/products/ensemble-controleur-leap-motion-monture-pour-casque-vr#,"Prix en promotion€173,21",,"Alimentation: USB Protection contre la pénétration: résistant aux éclaboussures Zone d'interaction: 60 cm (24 "") ou plus Caméras: Deux interfaces de caméra 640 x 240 pixels: Classe vidéo expérimentale universelle (UVC) LED: trois Portée: sans lien de dépendance, jusqu'à environ 80 cm Construction: aluminium et verre résistant aux rayures Température de fonctionnement ambiante: 32 à 113 ºF (0 à 45 ºC) Température de stockage: 14 à 122 ºF (-10 à 50 ºC) Humidité relative: 5% à 85% (sans condensation) Altitude de fonctionnement: 0 à 10 000 pieds (0 à 3048 mètres) Conformité: CE, FCC, CAN ICES-3 Configuration minimale requise (bureau): Windows 7+ ou Mac OS X 10.7 Configuration minimale du système (VR): Windows 7 SP1 64 bits ou plus récent; Intel Core i5-4590 équivalent ou supérieur; 8 Go + RAM; 3 ports USB 3.0; NVIDIA GTX 970 / AMD R9 290 équivalent ou supérieur avec sortie vidéo HDMI 1.3 compatible Méthode de montage: adhésif 3M à usage unique Câble: rallonge USB de 15 pi (4,5 m) Zone d'interaction du LMC: 60 cm (24 "") ou plus Configuration minimale requise pour LMC (bureau): Windows 7+ ou Mac OS X 10.7 Configuration minimale requise pour LMC (VR): Windows 7 SP1 64 bits ou plus récent; Intel Core i5-4590 équivalent ou supérieur; 8 Go + RAM; 3 ports USB 3.0; NVIDIA GTX 970 / AMD R9 290 équivalent ou supérieur avec sortie vidéo HDMI 1.3 compatible",Average rating is 0.00 stars
Contrôleur de Moteur Regénératif Sabertooth 2 X 12A 6V-24V Dimension Engineering,Dimension Engineering,https://eu.robotshop.com//fr/products/controleur-moteur-regeneratif-sabertooth-2-x-12a-6v-24v-dimension-engineering#,"Prix en promotion€80,56","Ce Contrôleur de Moteur Régénératif Double Sabertooth 12 A, 6 V-24 V est la nouvelle version du contrôleur de moteur Sabertooth 2x10. C'est l'un des contrôleurs de moteur doubles les plus polyvalents, les plus efficaces et les plus simples d'emploi du marché. Il est adapté aux robots à puissance moyenne : jusqu'à 30 lb (14 kg) en combat ou 100 lb (45 kg) pour la robotique en général. Il peut alimenter deux moteurs CC à balais avec 12 A maximum chacun. Des courants de crête de 25 A peuvent être supportés quelques secondes. La protection thermique et contre les surintensités vous permet de ne pas craindre de détruire le contrôleur avec des calages accidentels ou avec un moteur trop gros. Consultez les documents dans les liens utiles pour plus d'information. ",Configuration des trous de montage: 1.5 x 2 pieds,Average rating is 4.88 stars
Kit Radio AM / FM Elenco (Combo IC & Transistor),Elenco,https://eu.robotshop.com//fr/products/kit-radio-am-fm-elenco-combo-ic-transistor#,"Prix en promotion€62,90","Le Kit Radio AM / FM Elenco (Combo IC & Transistor) est un récepteur «superhétérodyne» des fréquences de diffusion AM (modulation d'amplitude) et FM (modulation de fréquence) standard. Le projet est divisé en deux parties: la section radio AM et la section radio FM. Pour l'instant, identifiez uniquement les pièces dont vous aurez besoin pour la radio AM, comme indiqué ci-dessous. N'OUVREZ PAS les sacs listés pour la radio FM. Une liste de pièces séparée sera affichée pour la radio FM après avoir terminé la radio AM.  Le nouveau module de transistors vous permet de basculer entre la technologie de circuit intégré moderne (IC) et la technologie de transistor d'origine. Inclut un support de montage radio. Le cours de formation de 56 pages est divisé en 9 leçons:",Batteries: 1-9V,Average rating is 5.00 stars
Kit de drone programmable Air:bit 2 standard sans micro:bit,MakeKit,https://eu.robotshop.com//fr/products/kit-drone-programmable-airbit-2-standard-sans-microbit#,"Prix en promotion€132,53","Le kit de drone programmable Air:bit 2 standard sans micro:bit comprend un kit de drone pour le micro:bit BBC (non inclus) que vous construisez, codez, puis pilotez. Air:bit est un kit d'apprentissage STEAM qui engagera les étudiants avec une méthode d'apprentissage pratique et créative. Il est livré avec une toute nouvelle carte de pilotage qui laisse tous les calculs au micro: bit. Il vous donne un contrôle total des systèmes et une opportunité de mieux comprendre le code qui permet au drone de voler. Défiez vos vols ou explorez le code qui fait que tout fonctionne. C'est l'un des plus avancés et des plus amusants que vous puissiez faire en matière de codage et de construction. Le quadricoptère a été développé sur plusieurs années et est utilisé dans divers centres scientifiques, écoles et particuliers.","Mathématiques : Géométrie, angles, algèbre, fonctions Sciences naturelles : Énergie, piles, électromagnétisme, signaux radio Programmation : Variables, capteurs, radio, affichage LED, IF/Else, transfert de données Arts et artisanat : construction et conception (de préférence avec une imprimante 3D) Anglais : terminologie, concepts dans les directions de vol/orientation",Average rating is 0.00 stars
Caméra autofocus ArduCam 64MP pour Raspberry Pi,ArduCAM,https://eu.robotshop.com//fr/products/camera-autofocus-arducam-64mp-pour-raspberry-pi#,"Prix en promotion€71,21",La caméra autofocus ArduCam 64MP pour Raspberry Pi est une caméra autofocus Pi Hawkeye 64 méga-pixels.,"Appareil photo : 64 MP Mise au point automatique : Oui Poids : 0,05 kg",Average rating is 0.00 stars
Kit micro servo d'actionneur linéaire Kitronik,Kitronik,https://eu.robotshop.com//fr/products/kit-micro-servo-d39actionneur-lineaire-kitronik#,"Prix en promotion€8,64","Le kit servo d'actionneur linéaire comprend un servo Fitec miniature de grande valeur et convertit le mouvement circulaire du servo fourni en mouvement en ligne droite, dans un sens puis dans l'autre. Il est idéal pour les robots, les dioramas ou la commutation de points de train. Il peut être monté sur un projet pour fournir un mouvement horizontal ou vertical.  L'actionneur linéaire a été découpé dans une feuille de Perspex bleu clair de 5 mm, le même matériau que celui utilisé dans notre pince Klaw servo-alimentée. Il existe une gamme de trous de montage à chaque extrémité du rack, y compris un trou de 3 mm, un carré de 3 mm et des trous de corne de servo standard adaptés au fil (1 mm de diamètre) et il a environ 20 mm de course. Il a un rapport de démultiplication de 2: 3 et le couple de décrochage du servo fourni est de 1,5 kg / cm à 6 V et de 1,3 kg / cm à 4,8 V.",Voyage environ: 20 mm Rapport d'engrenage: 2: 3 Mouvement: horizontal et vertical,Average rating is 4.33 stars
Contrôleur de Moteur à Brosses DC 30A 5-25V Cytron,Cytron,https://eu.robotshop.com//fr/products/controleur-moteur-brosses-dc-30a-5-25v-cytron#,"Prix en promotion€36,89","
Le Pilote de moteur CC unique à balais de 30 A et 5 à 30 V est conçu pour piloter un moteur à courant continu à balais d'une puissance moyenne à élevée, avec une capacité de courant jusqu'à 80 A en crête et 30 A en continu. Sa conception entièrement à base de NMOS procure non seulement un délai de commutation plus rapide, mais également plus d'efficacité sans qu'aucun dissipateur de chaleur ou ventilateur ne soit nécessaire. En outre, il comporte également des fonctions conviviales telles que la protection contre l'inversion de polarité et un générateur MID intégré qui lui permettent de fonctionner sans contrôleur hôte. Le moteur peut être simplement contrôlé au moyen des commutateurs et du potentiomètre de vitesse intégrés. Des commutateurs et un potentiomètre externes peuvent également être utilisés.  Fonctionnalités",,Average rating is 5.00 stars
Contrôleur de Moteur Sabertooth R/C 2 X 12A 6V-24V Dimension Engineering,Dimension Engineering,https://eu.robotshop.com//fr/products/controleur-moteur-sabertooth-r-c-2-x-12a-6v-24v-dimension-engineering#,"Prix en promotion€67,31","Le Contrôleur de Moteur Régénératif Double Sabertooth 12 A, R/C, 6 V-24 V remplace le Sabertooth 2x10 R/C de Dimension Engineering. C'est un contrôleur de moteur double, spécialement optimisé pour une utilisation dans des véhicules radiocommandés. Il est adapté aux robots, autos et bateaux de moyenne puissance. Il peut alimenter deux moteurs CC à balais avec au maximum 12 A chacun. Des courants de crête de 25 A peuvent être supportés quelques secondes. La protection thermique et contre les surintensités vous permet de ne pas craindre de détruire le contrôleur avec des calages accidentels ou avec un moteur trop gros.  Les nouveautés incluent un BEC de commutation de 1 A et le fonctionnement à 12 A en continu / 25 A en crête. Consultez les documents dans les liens utiles pour plus d'information.","Configuration des trous de montage: 1.5x2.0""",Average rating is 4.88 stars
Scanner à distance laser RPLIDAR A2M12 360°,Slamtec,https://eu.robotshop.com//fr/products/scanner-distance-laser-rplidar-a2m12-360#,"Prix en promotion€263,90","Le Scanner à distance laser RPLIDAR A2M12 360° est la solution de scanner laser 2D à 360° (LIDAR) à faible coût de nouvelle génération développée par SLAMTEC. Il peut prendre jusqu'à 16 000 échantillons de télémétrie laser par seconde avec une vitesse de rotation élevée. Et équipé de la technologie SLAMTEC OPTMAG, il dépasse la limite de durée de vie des systèmes LIDAR traditionnels afin de fonctionner de manière stable pendant longtemps. Le système RPLIDAR A2 adopte la lumière laser infrarouge de faible puissance comme source de lumière et la pilote en utilisant une impulsion modulée. Le laser émet de la lumière dans un laps de temps très court, ce qui peut assurer sa sécurité pour les humains et les animaux domestiques. Il a déjà atteint la classe 1, norme de sécurité. Avec les pièces spéciales personnalisées et le système mécanique interne soigneusement conçu, le RPLIDAR A2 conserve ses excellentes performances tout en réduisant l'épaisseur à seulement 4 cm. Il est idéal pour toutes sortes de robots de service.  Le taux d'échantillonnage du LIDAR décide directement si le robot peut cartographier rapidement et avec précision. RPLIDAR améliore la conception optique interne et le système d'algorithme pour rendre le taux d'échantillonnage jusqu'à 8000 fois, ce qui est le plus élevé de l'industrie LIDAR économique actuelle. Balayage à distance laser à 360 degrés : le cœur du RPLIDAR A2 tourne dans le sens des aiguilles d'une montre pour effectuer un balayage à distance laser omnidirectionnel à 360 degrés pour son environnement environnant, puis génère une carte de contour pour l'environnement. Moteur sans balais à faible bruit Nouvel entraînement sans contact : par rapport au mode d'entraînement par courroie traditionnel, RPLIDAR A2 utilise le moteur sans balais auto-conçu pour réduire la friction mécanique en cours de fonctionnement. Par conséquent, le RPLIDAR A2 peut fonctionner sans aucun bruit.  Rayon de portée : Avec l'optimisation de l'algorithme, RPLIDAR améliore le rayon de portée de 16 mètres, ce qui fournira plus de données grâce à une carte environnementale plus grande. Design original Optmag : la plupart des LIDAR traditionnels non solides utilisent des bagues collectrices pour transférer les informations de puissance et de données, cependant, ils n'ont que des milliers d'heures de vie en raison de l'usure mécanique. Slamtec a intégré l'alimentation sans fil et la technologie de communication optique pour auto-concevoir la technologie OPTMAG, qui dépasse la limite de durée de vie des systèmes LIDAR traditionnels. Il corrige la panne de connexion électrique causée par l'usure physique afin de prolonger la durée de vie.","Plage de mesure : 0,2 - 12 m Fréquence d'échantillonnage : 16 K Vitesse de rotation : 10 Hz (5 - 15 Hz) Résolution angulaire : 0,225° Planéité du champ de numérisation : ±1,5 ° Niveau d'épreuve : Classe 1 Tension du système : 5 V Courant du système : 450 - 600 mA Consommation d'énergie : 2,25 - 3 W Sortie : série UART (256 000 bits/s) Plage de température 0 - 40 °C Plage angulaire : 360° Résolution de portée : ≤1 % de la portée (≤12 m) | ≤2% de la portée (12 ~ 16 m) Précision : 1% de la portée (≤3 m) | 2% de la portée (3 - 5 m) | 2,5% de la portée (5 - 25 m) Poids : 190 grammes",Average rating is 0.00 stars
Servomoteur Géant HS-805BB Hitec,Hitec,https://eu.robotshop.com//fr/products/servomoteur-geant-hs-805bb-hitec#,"Prix en promotion€54,15",,,Average rating is 4.91 stars
Capteur de Distance Laser LIDAR-Lite 3,Garmin,https://eu.robotshop.com//fr/products/capteur-distance-laser-lidar-lite-3#,"Prix en promotion€143,99","Le Capteur de Distance Laser LIDAR-Lite 3  par Garmin est une solution de mesure au laser essentielle, puissante, évolutive et économique prenant en charge une large gamme d'applications (ex : drones, robotique générale, détection industrielle et bien plus). Il mesure la distance, la rapidité et la force du signal de cibles coopératives ou non à des distances de zéro à plus de 40 mètres. Il offre la plus haute performance disponible pour un capteur de distance à un seul faisceau de sa catégorie. Le nouveau LIDAR-Lite possède les mêmes spécifications que le capteur d'origine : Capacité de portée jusqu'à 40 mètres avec une résolution de 1 cm, de petite taille, à faible consommation d'énergie et léger. Il présente un certain nombre d'améliorations : L'améliorations du traitement des signaux offre des vitesses de mesure 5X plus rapides Communications I2C améliorées Adressage I2C assignable par l'utilisateur Compatible avec le capteur original pour toutes les fonctions primaires Équipe de support et de documentation accrue  La combinaison d'attributs trouvés dans le LIDAR-Lite (haute performance, faible coût, petite taille, léger, faible consommation d'énergie, et configurabilité dynamique ainsi que des communications I2C et l'adressage) signifie qu'il devient pratique d'installer différents capteurs sur un projet avec un minimum de poids et d'inconvénients liés à l'alimentation. La largeur du faisceau du LIDAR-Lite à la livraison est de 0,5°. Ce faisceau étroit offre des performances sur une longue portée et permet également une meilleure sélectivité de cible qu'avec un capteur à ultrasons.  La version laser du LIDAR-Lite PulsedLight utilise un laser à bande unique de 905 nm et à émission Edge. Ce produit laser a été conçu pour être de Classe 1 pendant toutes les procédures de fonctionnement, cependant le fonctionnement du capteur sans son optique ou logement, ou des modifications sur le boîtier, peuvent entraîner une exposition directe aux radiations laser et un risque de dommages permanents aux yeux. Fonctionnant à partir d'une source d'alimentation en 5 VCC et ne consommant que 100 milliampères de puissance en crête lors de la prise d'une mesure, et moins de 10 milliampères en cas d'inactivité, le LIDAR-Lite est idéal pour les projets lancés depuis une batterie, où une faible consommation d'énergie est primordiale.  Unique, précis, léger et économiqueIdéal pour des drones, de la robotique et d'autres applications exigeantes. La technologie permet d'utiliser des composants plus petits, moins chers et plus efficaces tout en obtenant des performances comparables ou meilleurs que celles des technologies existantes, en autorisant une incroyable souplesse de conception d'application à un faible coût.  Les applications sont virtuellement illimitéesDétection des angles morts dans l'automobile, suivi du trafic d'une ville « intelligente », numérisation d'image 3D, évitement des collisions, mesure industrielle de niveau de fluide/ grains/ solides, composants d'un système de sécurité, instruments de musique, imagerie médicale, aérospatiale, et encore bien des choses.  Innovations technologiques","Précision :  /- 0,025 m Alimentation : 5 VCC, <100 ma Débit de réponse : de 1 à 500 Hz Interface : I2C ou MLI Diode laser/PIN avec optique de 14 mm (produit laser de Classe 1) NEP (détecteur PIN) : rms de 12 nW, condensateur du détecteur de 1,5 pF, taille du détecteur virtuel de 1 mm Signal détectable minimum : 1 nW - 256 rafales intégrées (durée maximale d'intégration) Puissance de transmission (laser) : 1,5 W en crête de 14 mm à entraînement de 3 A, jonction laser à bande unique de 75 um Puissance de transmission (DEL) : 200 mW dans un  faisceau de  /- 3° à 1 A",Average rating is 4.67 stars
"Kit de développement M5Paper ESP32 V1.1 (960x540, écran eInk 4,7 pouces, 235 ppp)",M5Stack,https://eu.robotshop.com//fr/products/kit-developpement-m5paper-esp32-v11-960x540-ecran-eink-47-pouces-235-ppp#,"Prix en promotion€91,83","Le Kit de développement M5Paper ESP32 V1.1 (960x540, écran eInk 4,7 pouces, 235 ppp) est le dernier dispositif de base de M5Stacks avec un écran tactile à encre électronique. Alimenté par l'ESP32-D0WDQ6-V3, il s'agit du premier appareil à intégrer un écran E-ink de 540 x 960 pixels de 4,7 pouces, qui prend en charge 16 niveaux de gris. L'écran est un écran tactile capacitif GT911, qui prend en charge le toucher à deux points et une variété de commandes gestuelles. Par rapport à un écran LCD ordinaire, les écrans à encre électronique sont plus agréables pour les yeux, ce qui en fait un excellent choix pour la lecture ou le visionnage pendant de longues périodes. Les autres avantages sont la faible consommation d'énergie et la capacité de conserver l'image même si l'alimentation de l'écran est coupée. Le CoreInk intègre un bouton multifonction pour le fonctionnement, un capteur de température et d'humidité SHT30, des boutons physiques et un port pour carte TF (microSD) pour le stockage des données.","ESP32-D0WDQ6-V3 Double cœur 240MHz, 600 DMIPS, 520KB SRAM, Wi-Fi Flash : 16 Mo PSRAM : 8 MO Tension d'entrée : 5 V à 500 mA Ports : Type-C x1, HY2.0-4P x3 , emplacement pour carte TF (microSD) Bouton physique : Bouton multifonction x1, bouton de réinitialisation x1 RTC : BM8563 Antenne : Antenne 3D 2.4G BROCHES : G25, G32, G26, G33, G18, G19 Batterie : 1150 mAh à 3,7 V Température de fonctionnement : 0 - 60 °C Matériau du boîtier : Plastique (PC) Poids : 86 g Résolution : 540 x 960 Niveaux de gris : 16 niveaux Pilote d'écran : IT8951E",Average rating is 0.00 stars
M5Stack Kit de développement ATOM Lite ESP32ment,M5Stack,https://eu.robotshop.com//fr/products/m5stack-kit-developpement-atom-lite-esp32ment#,"Prix en promotion€10,53","Le kit de développement M5Stack ATOM Lite ESP32 est une carte de développement très compacte de la série de kits de développement M5Stack. Il fournit plus de GPIO pour la personnalisation de l'utilisateur, ce qui est très approprié pour les appareils domestiques intelligents intégrés et pour la fabrication de jouets intelligents. La commande principale adopte la puce ESP32-PICO qui est intégrée aux technologies Wi-Fi et Bluetooth. La carte Atom Lite fournit une LED infrarouge, une LED RVB, des boutons et une interface YH2.0. De plus, il peut se connecter à des capteurs et actionneurs externes via 6 GPIO. L'interface USB Type-C intégrée permet un téléchargement et une exécution rapides du programme.","ESP32: double cœur 240 MHz, 600 DMIPS, SRAM 520 Ko, Wi-Fi, Bluetooth double mode Flash: 4 Mo Entrée d'alimentation: 5V à 500mA Port: TypeC x 1, GROVE (I2C + I / 0 + UART) x 1 Port PIN: G19, G21, G22, G23, G25, G33 LED RVB: WS2812B x 1 IR: transmission infrarouge Bouton: bouton personnalisé x 1 Antenne: Antenne 3D 2.4G Plateforme de programme: Arduino, UIFlow Température de fonctionnement: 32 ° F à 104 ° F (0 ° C à 40 ° C) Poids: 12 g Matériau du boîtier: plastique (PC)",Average rating is 0.00 stars
Contrôleur de Moteur Régénératif Double Sabertooth 25A 6V-30V,Dimension Engineering,https://eu.robotshop.com//fr/products/controleur-moteur-regeneratif-double-sabertooth-25a-6v-30v#,"Prix en promotion€125,94","Le Contrôleur de Moteur Régénératif Double Sabertooth 25A 6V-30V V2 est l'un des contrôleurs de moteur double les plus polyvalents, efficaces et faciles à utiliser du marché. Il convient aux robots de grande puissance – jusqu'à 100 lb en combat ou 300 lb pour la robotique à usage général. Prêt à l'emploi, le Sabertooth peut alimenter deux moteurs CC à balais jusqu'à 25 A chacun. Des courants de pointe de 50 A par canal sont réalisables pendant quelques secondes. La protection thermique contre les surintensités signifie que vous n'aurez jamais à craindre d'endommager le contrôleur en cas de décrochage accidentel ou en connectant un moteur trop puissant. Sabertooth vous permet de contrôler deux moteurs avec : tension analogique, commande radio, série et série par paquets. Avec un Sabertooth vous pouvez construire une multitude de robots de complexité croissante pendant des années. Sabertooth offre de modes de fonctionnement indépendants ainsi que vitesse+direction, en faisant le contrôleur idéal pour les robots à entraînement différentiel (style réservoir) et bien plus encore. Le mode de fonctionnement se configure via les commutateurs DIP intégrés, donc aucun cavalier à égarer. Sabertooth est équipé de connecteurs à bornes à vis, ce qui vous permet de construire un robot sans même avoir besoin de souder. Sabertooth est le premier contrôleur de moteur régénératif synchrone de sa catégorie. La topologie régénérative signifie que vos batteries se rechargent à chaque fois que vous demandez à votre robot de ralentir ou de reculer. Sabertooth vous permet également des arrêts et des reculs très rapides, donnant à votre robot un avantage rapide et agile. Sabertooth intègre un BEC à mode de commutation 5 V 1 A qui peut alimenter un microcontrôleur ou un récepteur R/C, ainsi que 3 à 4 servos analogiques standard. Le mode de coupure du lithium permet à Sabertooth de fonctionner en toute sécurité avec des batteries au lithium-ion et au lithium polymère – les batteries à la densité énergétique la plus élevée disponibles. Les transistors de Sabertooth sont commutés à des vitesses ultrasoniques (32 kHz) pour un fonctionnement silencieux. Il utilise des MOSFET de 1,3 milliohm dans son pont.","25A continu, 50A crête par canal 6-30V nominal, 33,6V maximum absolu Entraînement régénératif synchrone Fréquence de commutation ultrasonique Protection thermique et contre les surintensités Mode de protection lithium Modes d'entrée : Analogique, R/C, série simplifiée, série par paquets",Average rating is 4.94 stars
Moteur à cardan iPower GM4108H-120T,iflight-rc,https://eu.robotshop.com//fr/products/moteur-cardan-ipower-gbm4108h-120t#,"Prix en promotion€41,37",,,Average rating is 0.00 stars
Blindage Contrôleur de Moteur DC 10A pour Arduino Cytron,Cytron,https://eu.robotshop.com//fr/products/blindage-controleur-moteur-dc-10a-pour-arduino-cytron#,"Prix en promotion€16,71",,,Average rating is 4.70 stars
Platine de Déploiement d'Orientation Absolue 9 DOF Fusion BNO055,Adafruit Industries,https://eu.robotshop.com//fr/products/platine-deploiement-orientation-absolue-9-dof-fusion-bno055#,"Prix en promotion€40,28","La Platine de Déploiement d'Orientation Absolue 9 DOF Fusion BNO055 résout la question de l'orientation en s'aidant d'un accéléromètre, d'un magnétomètre et d'un gyroscope MEMS et en les plaçant sur une puce unique dotée d'un processeur haute vitesse à base d'ARM Cortex-M0 pour digérer toutes les données du capteur, faire abstraction de la fusion de capteurs et des exigences de temps réel, et restituer des données que vous pouvez utiliser dans des quaternions, angles d'Euler ou vecteurs.  Elle peut restituer les données de capteur suivantes :",Les trous de l'en-tête commencent à 4 mm des trous de montage Dimensions des trous de montage : espacés de 20 x 12 mm Utilise l'adresse I2C 0x28 (par défaut) ou 0x29 Poids : 3g,Average rating is 4.86 stars
Carte adaptateur audio pour Teensy 4.x,PJRC,https://eu.robotshop.com//fr/products/carte-adaptateur-audio-pour-teensy-4x#,"Prix en promotion€16,59","La carte adaptateur audio pour Teensy 4.x vous permet d'ajouter facilement de l' audio de haute qualité 16 bits, 44,1 kHz (qualité CD) à vos projets. La bibliothèque audio Teensy vous permet d'utiliser l'entrée et la sortie simultanément avec une boîte à outils d'objets de traitement audio, pour créer facilement tous les types d'applications audio sophistiquées.  Vous pouvez lire plusieurs fichiers audio, créer des formes d'onde synthétisées, appliquer des effets, mélanger plusieurs flux et produire un son de haute qualité vers le casque ou les broches de sortie de ligne.",,Average rating is 5.00 stars
Contrôleur de Servomoteurs USB 12 Canaux Mini Maestro (Assemblé),Pololu,https://eu.robotshop.com//fr/products/controleur-servomoteurs-usb-12-canaux-mini-mastro-assemble#,"Prix en promotion€37,97","Le Contrôleur de Servomoteurs USB 12 Canaux Mini Maestro (Assemblé) rehausse la barre de la performance pour les contrôleurs de servomoteurs sériels grâce à des fonctionnalités telles qu'une interface USB native et le contrôle de scripts interne. Que vous recherchiez le meilleur contrôleur de servomoteurs disponible (résolution de 0,25 μs avec contrôle de la vitesse et de l'accélération intégré et fréquences d'impulsion allant jusqu'à 333 Hz) ou un contrôleur d'E/S général (p. ex. pour l'interface avec un capteur ou un ESC via votre port USB), ce dispositif compact et polyvalent répondra à vos besoins. Cette version entièrement assemblée est livrée avec les broches de barrettes installées.",Canaux : 12 Canaux d'entrée analogique : 12 Canaux d'entrée numérique : 0 Fréquence d'impulsion configurable : 1 à 333 Hz Plage d'impulsions : 64 à 4080 μs Taille du script : 8 Ko,Average rating is 5.00 stars
Contrôleur de Moteur DC 10A avec Potentiomètre et Boutons de Contrôle Cytron,Cytron,https://eu.robotshop.com//fr/products/controleur-moteur-dc-10a-potentiometre-boutons-controle-cytron#,"Prix en promotion€13,83","Le Contrôleur de Moteur DC 10A avec Potentiomètre et Boutons de Contrôle Cytron est largement utilisé dans de nombreuses applications en raison de sa simplicité d'utilisation. Vous pouvez simplement connecter le moteur directement à la batterie et celle-ci commencera à tourner. Cependant, si vous souhaitez contrôler la vitesse et la direction du moteur à courant continu, ce sera plus compliqué. Vous pouvez vous reporter au didacticiel: 5 manières les plus simples de contrôler un moteur à courant continu pour comprendre les bases du contrôle de moteur à courant continu. Le pilote de moteur propose des composants à l'état solide - une efficacité supérieure et un temps de réponse plus court, afin d'éliminer l'usure d'un relais mécanique.","Boutons de tests / manuels embarqués Aucun contrôleur ni micro-contrôleur requis, bien sûr, pas besoin de programmation / codage non plus Pas de protection contre l'inversion de polarité de tension!",Average rating is 5.00 stars
Kit de 20 Fils Connecteurs 6 po. M/F,Sparkfun Electronics,https://eu.robotshop.com//fr/products/kit-20-fils-connecteurs-6-po-m-f#,"Prix en promotion€2,42",Ce Kit de 20 Fils Connecteurs 6 po. M/F dispose d'extrémités mâle/femelle. Utilisez-les en tant que connecteurs depuis toute embase mâle ou femelle d'une carte.,,Average rating is 4.88 stars
Pilote de Moteur Double CC Cytron 20A 6V-30V,Cytron,https://eu.robotshop.com//fr/products/pilote-moteur-double-cc-cytron-20a-6v-30v#,"Prix en promotion€40,33","Le pilote de moteur double CC Cytron 20A 6V-30V permet le contrôle bidirectionnel de deux moteurs CC à balais haute puissance de 6 V à 30 V. Les boutons de test intégrés et les LED de sortie des moteurs permettent un test fonctionnel du pilote de moteur de manière rapide et pratique sans connecter le contrôleur hôte.  Ce pilote de moteur peut être contrôlé avec des entrées PWM et DIR. Avec une plage de tension logique d'entrée de 1,8 V à 12 V, il est compatible avec une grande variété de contrôleurs hôtes (par exemple Arduino, Raspberry Pi, PLC). Remarque : l' entrée d'alimentation n'a pas de protection contre les inversions de tension. La connexion de la batterie en polarité inversée endommagera instantanément le pilote du moteur.","Tension d'entrée d'alimentation: DC 6 V à 30 V Courant maximum du moteur (chaque canal): 20 A en continu, 60 A en pointe Tension d'entrée logique (PWM et DIR): Niveau bas: 0-0,8 V | Niveau élevé: 1,5-30 V Fréquence PWM (la fréquence de sortie est la même que la fréquence d'entrée): Standard: DC 20 KHz | Étendu * 3 20-40 KHz",Average rating is 0.00 stars
"Serveur série industriel, Ethernet RS485 vers RJ45, TCP/IP vers série, montage sur rail",Waveshare,https://eu.robotshop.com//fr/products/serveur-serie-industriel-ethernet-rs485-vers-rj45-tcp-ip-vers-serie-montage-sur-rail#,"Prix en promotion€26,10","Le serveur série industriel, RS485 vers RJ45 Ethernet, TCP/IP vers série, montage sur rail conçu pour l'environnement industriel. Il combine plusieurs fonctions en une, y compris un serveur série, une passerelle Modbus, une passerelle MQTT, RS485 vers JSON, etc. Le module dispose de ports RS485 et Ethernet, utilise des bornes à vis pour l'entrée d'alimentation, prend en charge une alimentation à large plage de 9 ~ 24 V. Conception de boîtier ignifuge à montage sur rail, de petite taille, facile à installer. Il convient aux applications telles que l'acquisition de données, la passerelle IoT, la sécurité et la sécurité IoT et la surveillance intelligente des instruments.","Interface de communication : RS485, borne à vis, prend en charge 32 appareils esclaves Alimentation : 9 ~ 24 V DC, bornier à vis Ethernet : connecteur RJ45 à négociation automatique 10/100M, protection contre les surtensions 2 KV Port série : RS485 x 1 : RXD, TXD, GND Débit en bauds : 300 ~ 115 200 bps Bit de parité : aucun, impair, pair, marque, espace Bit de données : 5 ~ 9 bits Contrôle de flux : N/A Température de fonctionnement : -40 ~ 85 °C Température de stockage : -45 ~ 165 °C Plage d'humidité : 5% ~ 95% d'humidité relative Protocole : ETHERNET, IP, TCP, UDP, HTTP, ARP, ICMP, DHCP, DNS Configuration : hôte, navigateur Web, bibliothèque de fonctions de gestion des appareils Méthode de communication : communication directe TCP/IP, VCOM Mode de fonctionnement : serveur TCP, client TCP (coexistant avec le serveur TCP), UDP, UDP multicast Poids : 0,077 kg",Average rating is 0.00 stars
Module d'Extension de Câble HDMI à CSI Arducam (2pk),ArduCAM,https://eu.robotshop.com//fr/products/module-extension-cable-hdmi-csi-arducam-2pk#,"Prix en promotion€16,12","Le Module d'Extension de Câble HDMI à CSI Arducam (2pk) est conçu pour la carte de caméra V1 et V2 Raspberry Pi afin d'étendre la caméra sur les longs câbles tout en gardant les signaux CSI haute vitesse à l'abri du bruit et des interférences. En utilisant un câble HDMI haute vitesse, la caméra peut fonctionner sur 10 mètres, ce qui étend l'utilisation des caméras Raspberry Pi.  En outre, la carte d'adaptation fournit 3 autres signaux à étendre avec les signaux de caméra ensemble via le connecteur de prise casque.",Pris en charge pour les cartes A / B / B + Raspberry Pi ou les cartes Raspberry Pi 2B ou Raspberry Pi 3B Pris en charge pour la carte caméra Raspberry Pi V1 (5MP OV5647) ou la carte caméra Raspberry Pi V2 (8MP IMX219) Les câbles HDMI peuvent mesurer jusqu'à 10 mètres (les plus de 10 mètres n'ont pas été testés) Trois patins de soudure supplémentaires sont disponibles (mêmes signaux que la prise casque),Average rating is 4.33 stars
Contrôleur de Deux Moteurs DC 3A 4-16V Cytron,Cytron,https://eu.robotshop.com//fr/products/controleur-deux-moteurs-dc-3a-4-16v-cytron#,"Prix en promotion€9,80","Le Contrôleur de Deux Moteurs DC 3A 4-16V Cytron et les voyants de sortie du moteur permettent un test fonctionnel du gestionnaire de moteur de manière rapide et pratique sans connecter le contrôleur hôte. Un régulateur Buck-boost produisant une sortie de 5 V à 4 V peut être utilisé pour alimenter le contrôleur hôte. MDD3A peut être contrôlé avec une large plage de tension d'entrée logique allant de 1,8 V à 12 V; il est compatible avec une grande variété de contrôleurs hôtes (par exemple Arduino, Raspberry Pi, PLC).","Commande bidirectionnelle pour moteur à courant continu à deux balais Contrôler un moteur pas à pas unipolaire / bipolaire Tension de fonctionnement: DC 4 V à 16 V Courant moteur maximum: 3 A en continu, 5 A en pointe Régulateur Buck-boost pour produire une sortie 5 V (200 mA max.) Boutons pour test rapide LED pour l'état de sortie du moteur Entrées compatibles avec les logiques 1,8 V, 3,3 V, 5 V et 12 V (Arduino, Raspberry Pi, PLC, etc.) Fréquence PWM jusqu'à 20 kHz (la fréquence de sortie est identique à la fréquence d'entrée) Protection contre l'inversion de polarité",Average rating is 5.00 stars
Maker Pi Pico: simplifier Raspberry Pi Pico pour les débutants,Cytron,https://eu.robotshop.com//fr/products/maker-pi-pico-simplifier-raspberry-pi-pico-pour-les-debutants#,"Prix en promotion€14,50","Le Maker Pi Pico: simplifier Raspberry Pi Pico pour les débutants intègre le bouton de réinitialisation le plus recherché pour votre Raspberry Pi Pico et vous donne accès à toutes les broches GPIO sur deux en-têtes de broches à 20 voies, avec des étiquettes claires. Chaque GPIO est couplé à un indicateur LED pour un test de code et un dépannage pratiques. La couche inférieure de cette carte est même livrée avec un diagramme de brochage complet montrant la fonction de chaque broche. Il s'agit d'une carte compacte mais riche en fonctionnalités conçue pour être au cœur de vos projets STEM et robotique. Utilisez simplement les fils de cavalier et / ou les câbles Grove pour connecter n'importe quel capteur et module de sortie afin d'étendre sa capacité.","Microcontrôleur: RP2040 Noyaux: Dual-Core Architecture de base: ARM Cortex-M0 + 32 bits Horloge du processeur: par défaut 48 MHz, max jusqu'à 133 MHz Taille de la RAM: 264 KByte SRAM Taille du flash: 2 Mo de mémoire flash Q-SPI Langage de programmation: MicroPython, C, C ++ Entrée d'alimentation de la carte: 5VDC via USB Micro B Alimentation alternative de la carte: 2 - 5 VDC via la broche VSYS (broche 39) Tension MCU: 3,3 VDC Tension GPIO: 3,3 VDC Interface USB: périphérique et hôte USB 1.1 Chargement du programme: USB Micro B. GPIO: 26 x entrée / sortie numérique (total) ADC: 3 x 12 bits 500kps Capteur de température: intégré, 12 bits UART: 2 x UART l2C: 2xl2C SPI: 2xSPI PWM: 16 x PWM Minuterie: 1 x minuterie avec 4 x alarme Compteur en temps réel: 1 x compteur en temps réel PIO: 2 x E / S haute vitesse programmables LED embarquée: 1 x LED programmable (GP25) Bouton à bord: 1 x bouton BOOTSEL Répartition du PCB: 40 x 0,1 ""(100 mil) Pads d'en-tête standard 40 x 0,1"" (100) Castellations Edge (SMT Friendly) Port de débogage: port de débogage de fil série ARM à 3 broches (SWD)",Average rating is 5.00 stars
"Fils Connecteurs 6"" M/M (20x)",Sparkfun Electronics,https://eu.robotshop.com//fr/products/fils-connecteurs-6-m-m-20pk#,"Prix en promotion€2,42","Les Fils Connecteurs 6"" M/M (20x) sont des fils cavaliers de 15,24 cm dotés de connecteurs mâles à chacune de leurs extrémités. Utilisez-les pour le pontage de toute embase femelle d'un carte, vers toute autre embase femelle.",,Average rating is 5.00 stars
Servomoteur HS-645MG Hitec,Hitec,https://eu.robotshop.com//fr/products/servomoteur-hs-645mg-hitec#,"Prix en promotion€40,32",,,Average rating is 4.91 stars
Microcontrôleur USB Arduino Uno R3,Arduino,https://eu.robotshop.com//fr/products/microcontroleur-usb-arduino-uno-r3#,"Prix en promotion€31,81","L'Arduino Uno est une carte microcontrôleur basée sur le microchip ATmega328. Elle possède 14 broches d'entrée/sortie numériques (dont 6 peuvent être utilisées comme sorties PWM), 6 entrées analogiques, un oscillateur à cristal de 16 MHz, une connexion USB, une prise d'alimentation, un connecteur ICSP et un bouton de réinitialisation. Il contient tout ce qui est nécessaire pour prendre en charge le microcontrôleur ; il suffit de le connecter à un ordinateur avec une Câble USB de 1.5m Type A vers B }ou de l'alimenter avec un adaptateur secteur 9VDC 650mA ou une batterie DFRobot 7.4V Lipo 2500mAh (Arduino Power Jack) pour commencer. L'Arduino Uno diffère de toutes les cartes précédentes en ce qu'elle n'utilise pas la puce pilote FTDI USB vers série. Au lieu de cela, elle comporte l'Atmega16U2 programmé comme un convertisseur USB-série. Uno"" signifie ""un"" en italien et est nommé pour marquer la sortie prochaine de la version 1.0 d'Arduino. L'Uno et la version 1.0 seront les versions de référence d'Arduino, à l'avenir. L'Uno est la dernière d'une série de cartes Arduino USB, et le modèle de référence de la plate-forme Arduino.  L' Arduino Uno peut être alimenté via la connexion USB ou avec une alimentation externe. La source d'alimentation est sélectionnée automatiquement. L'alimentation externe (non USB) peut provenir d'un adaptateur AC-DC (verrue murale) ou d'une batterie. L'adaptateur peut être connecté en branchant une fiche positive centrale de 2,1 mm dans la prise d'alimentation de la carte. Les fils d'une batterie peuvent être insérés dans les en-têtes de broche Gnd et Vin du connecteur POWER. La carte peut fonctionner sur une alimentation externe de 6 à 20 volts. L'Arduino Uno peut être programmé avec le logiciel Arduino. Sélectionnez ""Arduino Uno dans le menu Outils> Carte (selon le microcontrôleur de votre carte). Pour plus de détails, consultez la référence et les didacticiels. L'ATmega328 sur l'Arduino Uno est livré pré-gravé avec un chargeur de démarrage qui vous permet de télécharger un nouveau code sans l'utilisation d'un programmeur matériel externe.  Alimentation L'Arduino Uno peut être alimenté par la connexion USB ou par une alimentation externe. La source d'alimentation est sélectionnée automatiquement. L'alimentation externe (non-USB) peut provenir d'un adaptateur AC-to-DC (wall-wart) ou d'une batterie. L'adaptateur peut être connecté en branchant une fiche de 2,1 mm à pôle positif central dans la prise d'alimentation de la carte. Les fils d'une batterie peuvent être insérés dans les têtes de broches Gnd et Vin du connecteur POWER. La carte peut fonctionner avec une alimentation externe de 6 à 20 volts. Cependant, si elle est alimentée par moins de 7 V, la broche 5 V peut fournir moins de cinq volts et la carte peut être instable. Si vous utilisez plus de 12 V, le régulateur de tension peut surchauffer et endommager la carte. La plage recommandée est de 7 à 12 volts. Les broches d'alimentation sont les suivantes : Mémoire L'ATmega328 a 32 Ko (avec 0,5 Ko utilisé pour le bootloader). Il dispose également de 2 Ko de SRAM et de 1 Ko d'EEPROM (qui peuvent être lus et écrits avec la bibliothèque EEPROM).","Microcontrôleur : ATmega328 Tension de fonctionnement : 5 V Tension d'entrée (recommandée) : 7-12 V Tension d'entrée (limites) : 6-20 V Broches d'E/S numériques : 14 (dont 6 fournissent une sortie PWM) Broches d'entrée analogique : 6 Courant continu par broche d'E/S : 40 mA Courant continu pour la broche 3.3V : 50 mA Mémoire Flash : 32 Ko (ATmega328) dont 0,5 Ko utilisé par le bootloader SRAM : 2 KB (ATmega328) EEPROM : 1 KB (ATmega328) Vitesse d'horloge : 16 MHz",Average rating is 4.95 stars
"Moteur à Engrenage Planétaire12V, 437RPM 305.5oz-in",ServoCity,https://eu.robotshop.com//fr/products/moteur-engrenage-planetaire12v-437rpm-3055oz-in#,"Prix en promotion€50,86",,"Tension (nominale) : 12 V Plage de tension (recommandée) : 6 V - 12 V Vitesse (à vide) : 437 rpm Courant (à vide) : 0,52 A Courant de calage : 20A Couple de démarrage : 305,5 oz-in (22 kgf-cm) Rapport de transmission : 19:1 Matériau d’engrenage : Métal Style de boîte de vitesses : Planetary Type de moteur : DC Diamètre de sortie de l’arbre : 6 mm (0,236”) Style de sortie de l’arbre : D-shaft Taille de montage de vis : M3 x 0,5 mm Poids du produit : 330 g (11,64 oz)",Average rating is 5.00 stars
Roue Omni en Aluminium 60mm,Nexus Robot,https://eu.robotshop.com//fr/products/roue-omni-en-aluminium-60mm#,"Prix en promotion€17,79",La roue omnidirectionnelle de 60mm en aluminium est une roue à double ligne durable et robuste qui permet un mouvement à 360° avec une maniabilité latérale et en rotation. Elle est dotée de 10 rouleaux en caoutchouc montés le long de la roue pour éviter tout glissement. ,Nombre de plaques : 2 Nombre de rouleaux : 10 Matériau de la structure : Alliage d'aluminium Matière d'un rouleau : Nylon+PE,Average rating is 5.00 stars
"Actuateur Linéaire Miniature 6V L16 50mm 150:1, RC",Actuonix,https://eu.robotshop.com//fr/products/actuateur-lineaire-miniature-6v-l16-50mm-1501-rc#,"Prix en promotion€80,67","L'Actionneur L16 de Actonix 50 mm 150:1 6 V commande RC est le grand frère de la série L12 et dispose d'un moteur plus puissant pour une force accrue. Ces servomoteurs linéaires fonctionnent en tant que remplacement direct des servomoteurs rotatifs analogiques standards. Ils utilisent un connecteur standard à 3 fils, un groupe électrique et une commande identiques. Le servomoteur L16 fonctionne en lieu et place d'un servomoteur ordinaire, mais avec l'avantage supplémentaire de fournir un mouvement linéaire. Ces unités de qualité loisir sont construites en utilisant un arbre en aluminium anodisé, une boîte d'engrenages en métal, une vis en acier et des roulements à billes en acier.","Point de fonctionnement en crête : 175 N à 4 mm/s Point de rendement en crête : 75 N à 7 mm/s Force maximale (levé) : 200 N Force d'entraînement arrière : 102 N Masse : 56 g Précision d'alignement : 0,3 mm Charge latérale maximale (étendu) : 40 N Potentiomètre de rétroaction : 9 kΩ±30 % Tension en entrée : 6V Courant de décrochage : 650 mA",Average rating is 4.89 stars
Moteur à cardan sans balais iPower Motor GM3506 avec encodeur AS5048A,iflight-rc,https://eu.robotshop.com//fr/products/moteur-cardan-sans-balais-ipower-motor-gm3506-encodeur-as5048a#,"Prix en promotion€48,29","Le moteur à cardan sans balais iPower Motor GM3506 avec encodeur AS5048A est le moteur à cardan sans balais ultime pour les reflex et les appareils photo de poids similaire. Ce moteur est conçu pour les plates-formes multi-rotors à grande échelle cherchant à soulever des engrenages de taille SLR - couple de 1,5 kg/cm. Le principe de la stabilisation de la caméra à l'aide de moteurs à entraînement direct sans balai. En fait, le cardan basé sur des moteurs BLDC est très similaire au cardan standard basé sur un servo de loisir. Les encodeurs sont des capteurs spéciaux qui sont ajoutés à chaque moteur sans balai d'un stabilisateur de cardan permettant au système de suivre plus précisément la position du moteur pour une stabilité accrue qui à son tour augmente également l'efficacité de la batterie.","Résistance : 5,57 ± 5 % Pré-enroulé : avec 130 tours, arbre de 3,17 mm Portée de la caméra : 200 - 500 g Tension : 12 V Courant : 1 A RPM : 2149 ~ 2375 Couple : 600 - 1000 g.cm Poids : 80,3 g",Average rating is 0.00 stars
Pololu Contrôleur de moteur pas à pas multi-interface USB Tic 36v4 (soudé),Pololu,https://eu.robotshop.com//fr/products/pololu-controleur-moteur-pas-pas-multi-interface-usb-tic-36v4-soude#,"Prix en promotion€71,39","Le contrôleur de moteur pas à pas multi-interface USB Pololu Tic 36v4 (soudé) facilite le contrôle de base d'un moteur pas à pas, avec une configuration rapide via USB à l'aide de notre logiciel gratuit. Le contrôleur prend en charge six interfaces de contrôle: USB, série TTL, I²C, tension analogique (potentiomètre), encodeur en quadrature et radiocommande hobby (RC). Cette version intègre un pilote de moteur pas à pas MOSFET discret et est livrée avec des broches d'en-tête et des borniers soudés. Il peut fonctionner de 8 à 50 V et peut fournir jusqu'à environ 4 A par phase sans dissipateur thermique ni flux d'air forcé (ou 6 A max avec un refroidissement supplémentaire suffisant).  La famille Tic de contrôleurs de moteur pas à pas permet d'ajouter facilement le contrôle de base d'un moteur pas à pas bipolaire à une variété de projets. Ces modules polyvalents et polyvalents prennent en charge six interfaces de contrôle différentes: USB pour une connexion directe à un ordinateur, série TTL et I²C pour une utilisation avec un microcontrôleur, des impulsions d'asservissement RC pour une utilisation dans un système RC, des tensions analogiques pour une utilisation avec un potentiomètre ou joystick analogique et encodeur en quadrature à utiliser avec un sélecteur rotatif.","Poids: 9,6 g Pilote de moteur: MOSFET discrets Interface de contrôle: USB; série TTL non inversé; I²C; Impulsions servo RC; tension analogique; encodeur en quadrature Tension de fonctionnement minimale: 8 V Tension de fonctionnement maximale: 50 V Courant continu par phase: 4 A Courant maximum par phase: 6 A Taux de pas maximum: 50000 PPS Résolutions Microstep: Full, 1/2, 1/4, 1/8, 1/16, 1/32, 1/64, 1/128 et 1/256 Protection contre la tension inverse: Oui Connecteurs soudés: Oui",Average rating is 0.00 stars
Mini module de caméra ArduCAM avec 2MP Plus OV2640 pour Arduino,ArduCAM,https://eu.robotshop.com//fr/products/mini-module-camera-arducam-2mp-plus-ov2640-pour-arduino#,"Prix en promotion€30,73","Le mini module de caméra ArduCAM avec 2MP Plus OV2640 pour Arduino est une version optimisée du blindage ArduCAM Rev.C, et est une caméra SPI 2MP haute définition, qui réduit la complexité de l'interface de contrôle de la caméra. Il intègre le capteur d'image CMOS 2MP OV2640 et fournit une taille miniature, ainsi qu'une interface matérielle facile à utiliser et une bibliothèque de codes open source.  Le module mini caméra ArduCAM peut être utilisé sur toutes les plates-formes telles que Arduino, Raspberry Pi, Maple, Chipkit, Beaglebone noir, à condition qu'ils aient une interface SPI et I2C et puissent être bien couplés avec les cartes Arduino standard. ArduCAM mini offre non seulement la possibilité d'ajouter une interface de caméra qui n'a pas dans certains microcontrôleurs à faible coût, mais offre également la possibilité d'ajouter plusieurs caméras à un seul microcontrôleur.  Traits:","Capteur d'image: OV2640 Taille de la matrice active: 1600 × 1200 Volet: volet roulant Objectif: 1/4 pouce Vitesse SPI: 8 MHz Tampon de trame: 8 Mo Température: -10 ℃ ～ + 55 ℃ Consommation électrique: Normal: 5V / 70mA / Mode basse consommation: 5V / 20mA Prise en charge du format: RAW, YUV, RVB, JPEG Prise en charge de la résolution: UXGA, SVGA, VGA, QVGA, CIF, QCIF",Average rating is 0.00 stars
Module adaptateur multi caméra Arducam V2.2 pour Raspberry Pi,ArduCAM,https://eu.robotshop.com//fr/products/module-adaptateur-multi-camera-arducam-v22-pour-raspberry-pi#,"Prix en promotion€57,61","Le module adaptateur multi-caméras ArduCam pour Raspberry Pi V2.2 est conçu pour connecter jusqu'à 4 cartes de caméra ArduCAM Mini sur un seul microcontrôleur, y compris la plate-forme Arduino, BeagleBone Black et Raspberry Pi. Veuillez noter que la carte adaptateur multi-caméra Raspberry Pi est un produit naissant qui peut avoir des problèmes de stabilité et des limitations en raison de l'intégrité du signal du câble et des bibliothèques de noyau vidéo à source fermée de RPi, alors utilisez-la à vos risques et périls. La carte adaptateur peut être bien associée à ces plates-formes ardware open source populaires, mais sans s'y limiter, vous pouvez également connecter cette carte adaptateur à n'importe quelle plate-forme que vous connaissez tant qu'elle dispose d'une interface I2C et SPI gratuite.  Des commutateurs DIP sont utilisés ici pour une configuration facile à empiler. Lorsqu'une seule carte adaptateur multi-caméras est utilisée, les commutateurs 1 et 5 doivent être mis en position ON. Si deux cartes adaptatrices multi-caméras sont utilisées, la carte inférieure doit être commutée 1 et 5 sur ON et la carte supérieure doit être commutée 2 et 6 sur la position ON, et si 3 ou 4 cartes adaptatrices multi-caméras sont utilisées ensemble, chaque couche de carte doit être configuré. En tant que fonctionnement normal de l'appareil photo, l'utilisateur peut toujours utiliser la commande raspistill ou raspivid pour prendre des photos ou des vidéos. En contrôlant les GPIO selon la configuration des tableaux 1 et 2, l'utilisateur peut prendre des photos ou des vidéos en basculant entre différentes caméras.","Prise en charge de la caméra 5MP OV5647/8MP IMX219/12MP IMX477 pour Raspberry Pi, pas de mélange autorisé Prend en charge Raspberry Pi modèle A/B/B+, Pi 2 et Raspberry Pi 4, 3,3b+. 3 GPIO requis pour le multiplexage Les caméras fonctionnent en séquentiel, pas simultanément",Average rating is 4.00 stars
Kit pH-mètre Analogique DFRobot Gravity,DFRobot,https://eu.robotshop.com//fr/products/kit-ph-metre-analogique-dfrobot-gravity#,"Prix en promotion€34,00","Le Kit mesureur de pH analogique est spécialement conçu pour les contrôleurs Arduino et dispose de caractéristiques et connexions simples, pratiques et commodes. Il dispose d'une DEL pour travailler comme témoin d'alimentation, d'un connecteur BNC et de l'interface de capteur de PH2.0. Pour l'utiliser, il suffit de connecter le capteur de pH avec connecteur BND, et de brancher l'interface PH2.0 dans le port d'entrée analogique de n'importe quel contrôleur Arduino. S'il a été pré-programmé, vous obtiendrez facilement la valeur du pH. Livré dans une boîte en plastique compacte dotée de mousse pour un meilleur stockage lors des déplacements. Applications","Puissance du module : 5 V Température de prise de mesure : 0 à 60 ? Délai de réponse : ≤ 1 minute Capteur de pH avec connecteur BNC Interface pH2.0 (cordon de 91,41 cm) Potentiomètre de réglage de gain Indicateur DEL d'alimentation",Average rating is 4.18 stars
Relais Ethernet Devantech ETH008-B 8 x 16 A,Devantech,https://eu.robotshop.com//fr/products/relais-ethernet-devantech-eth008-b-8-x-16-a#,"Prix en promotion€83,19","Le relais Ethernet Devantech ETH008-B 8 x 16 A fournit des sorties de relais à contact libre de huit volts avec un courant nominal allant jusqu'à 16 A. Le module est alimenté à partir d'une alimentation 12 Vcc qui peut être régulée ou non régulée. La prise d'entrée CC est de 2,1 mm avec une polarité de noyau positive, les alimentations CC sont nécessaires pour fournir au moins 500 mA à 12 V CC. Les relais sont de type SPCO (Single Pole Change Over) avec les broches normalement ouvertes, normalement fermées et communes, toutes disponibles sur les bornes à vis.","Relais : 8 Alimentation : adaptateur 12V DC, fourni séparément Interface de configuration et de test : HTTP (page Web) Courant de relais : jusqu'à 16 ampères à 24 VDC ou 250 VAC Température de fonctionnement : -40 à +70 °C Connexions : bornes à vis pour contacts N/ON/C et commun Connexion Ethernet : 100 Mo en duplex intégral",Average rating is 0.00 stars
Contrôleur de Moteur Regénératif Sabertooth 2 x 60A 6V-30V Dimension Engineering,Dimension Engineering,https://eu.robotshop.com//fr/products/controleur-moteur-regeneratif-sabertooth-2-x-60a-6v-30v-dimension-engineering#,"Prix en promotion€196,53","Le Pilote double de moteur régénérateur 60 A de 6 à 30 V Sabertooth est un des pilotes double de moteur les plus polyvalents, efficaces et faciles à utiliser. Il est adapté aux robots à haute intensité : jusqu'à 120 livres (54,43 kg) en combat ou 1000 livres (453,59 kg) pour la robotique universelle. Dès sa sortie de la boîte, le Sabertooth peut alimenter deux moteurs CC à brosse avec 60 A maximum chacun. Des courants de crête de 120 A par canal peuvent être supportés quelques secondes. La protection thermique et contre les surintensités vous permet de ne pas vous inquiéter à l'idée de tuer le pilote avec des calages accidentels ou d'installer un moteur trop gros.  Il vous permet de contrôler deux moteurs avec : la tension analogique, le contrôle radio, sériel et sériel en paquets. Vous pourrez créer autant de robots différents d'une complexité croissante dans les années à venir, compatibles avec un Sabertooth. Applications","6 à 30 V nominal, 33,6 V de maximum absolu Commande à régénération synchrone Fréquence de commutation à ultrasons Protection thermique et contre les surintensités Mode de protection au lithium Modes d'entrée : analogique, R/C, sériel simplifié, sériel en paquets",Average rating is 4.74 stars
Chevalet Magnétique pour AxiDraw - Tabloïde/A3,Evil Mad Scientist,https://eu.robotshop.com//fr/products/chevalet-magnetique-pour-axidraw-tabloide-a3#,"Prix en promotion€105,74","Le Chevalet Magnétique pour AxiDraw - Tabloïde/A3 est un outil de travail robuste qui offre une méthode alternative pour positionner le papier ou d’autres pièces à utiliser avec les AxiDraw V3 / A3 et AxiDraw SE / A3. Alternative robuste au chevalet à pince A3 classique, elle peut être utilisée avec des pinces à reliure ou le carré de positionnement (inclus) et les aimants.  La base du chevalet est une tôle d'acier magnétique très épaisse. Il présente une finition poudrée de couleur «gris chaud» pour un contraste visible avec la plupart des types de papier. Des amortisseurs en caoutchouc sur la face inférieure (ainsi que le poids important de l'acier) garantissent une prise en main antidérapante sur votre table de travail. Pour vous aider à indexer votre papier dans une position cohérente et reproductible, le chevalet comprend un carré de fixation en aluminium personnalisé, similaire à un carré d'encadrement miniature. Le carré de fixation est réversible, avec des marquages en pouces et en centimètres sur les deux côtés. Le carré de fixation est maintenu par une paire de serre-orteils personnalisés, ce qui vous permet de le déplacer dans diverses positions et de le serrer à l'aide d'une paire de vis à oreilles. Si vous le souhaitez, vous pouvez également supprimer complètement le carré en ne laissant qu'une surface plane en acier (avec quelques trous de montage pour la règle).","20,98 x 13,31 ""(53,3 x 33,8 cm)",Average rating is 5.00 stars
Serveur monocarte Zimaboard 832,IceWhale Technology Limited,https://eu.robotshop.com//fr/products/serveur-monocarte-zimaboard-832#,"Prix en promotion€230,37","Le serveur monocarte Zimaboard 832 est un serveur monocarte économique conçu pour les makers et les geeks. Zimaboard a à la fois l'extensibilité d'un SBC x86 et la puissance appropriée d'un microserveur. Avec ZimaBoard, vous pouvez configurer un cloud personnel de 4 téraoctets en 5 minutes, configurer un VPN sécurisé pour protéger votre empreinte numérique, régler votre réseau avec OpenWrt et pfSense, créer un serveur multimédia 4K qui fonctionne avec Plex, partager et collaborer avec les membres de l'équipe sur vos fichiers ou mettez à niveau vos projets intelligents sur différents systèmes. ZimaBoard est créé par des fabricants qui en ont assez des frais récurrents, des préréglages peu conviviaux et des systèmes isolés et qui souhaitent rendre l'expérience numérique à domicile plus attrayante et abordable.","Processeur : Intel Celeron N3450 Quad Core 1,1-2,2 GHz RAM : 8G LPDDR4 Stockage intégré : 32 Go eMMC Disque dur/SSD : 2 ports SATA 6,0 Gb/s LAN : 2 ports LAN GbE USB : 2x USB 3.0 PCle : 1x PCle 2.0 4x Affichage : 1x Mini-DisplayPort 1.2 4k à 60 Hz TDP : 6 W Poids : 278 grammes Refroidissement passif : Intel VT-d, VT-x, AES-NI | Prise en charge du transcodage vidéo 4K | H.264 (AVC), H.265 (HEVC), MPEG-2, VC-1 Système d'exploitation préinstallé : CasaOS (basé sur Debian) OS compatibles : Linux / Windows / OpenWrt / pfSense / Android / Libreelec",Average rating is 0.00 stars
Seeed Studio XIAO nRF52840,SeeedStudio,https://eu.robotshop.com//fr/products/seeedstudioxiaonrf52840-fr#,"Prix en promotion€12,93","Le Seeed Studio XIAO nRF52840 est une carte de développement Bluetooth ultra petite taille et ultra basse consommation basée sur le Nordic nRF52840. Il dispose d'une antenne Bluetooth intégrée, d'une puce de charge de batterie intégrée et d'une taille de pouce de 21 x 17,5 mm, ce qui le rend idéal pour les projets IoT. Seeed XIAO BLE a équipé un puissant MCU Nordic nRF52840 qui est conçu dans un module Bluetooth 5.0, construit autour d'un processeur ARM Cortex-M4 32 bits avec une unité à virgule flottante (FPU) fonctionnant à 64 Mhz. Avec la capacité de connexion sans fil, il reste le facteur de forme classique de la série Seeed XIAO, petit et exquis, qui peut être utilisé pour les appareils portables et les projets Internet des objets.","Processeur : ARM Cortex-M4 avec FPU fonctionnant jusqu'à 64 MHz Sans fil : Bluetooth 5.0 / NFC / Zigbee / Antenne Mémoire sur puce : 1 Mo de mémoire flash et 256 Ko de RAM Mémoire embarquée : 2 Mo de mémoire flash QSPI Antenne : Oui Interface : 1xUART, 1xIIC, 1xSPI, 1xNFC, 1xSWD, 11xGPIO (PWM), 6xADC Tension de fonctionnement du circuit : 3,3 V à 200 mA Courant de charge : 50 mA / 100 mA Tension d'entrée (VIN) : 5 V Consommation électrique en veille : <5 μA",Average rating is 0.00 stars
Kit petite bobine inductive et 10 LED sans fil - 5V,Adafruit Industries,https://eu.robotshop.com//fr/products/kit-petite-bobine-inductive-10-led-sans-fil-5v#,"Prix en promotion€17,23","Le kit petite bobine inductive et 10 LED sans fil - 5V utilise des champs électromagnétiques et un couplage inductif pour faire passer l'énergie dans l'air afin d'allumer les LED soudées sur les bobines. La charge inductive est un moyen d'alimenter un appareil sans connexion filaire directe. La plupart des gens ont vu une charge inductive dans une brosse à dents électrique rechargeable. Ces chargeurs fonctionnent en prenant un transformateur de puissance et en le divisant en deux, une forme d'onde CA est générée en une seule et se couple à la deuxième bobine.",Tension : 5V Distance de détection : 0 - 80 mm,Average rating is 0.00 stars
Microcontrôleur Arduino Mega 2560 Rev3,Arduino,https://eu.robotshop.com//fr/products/microcontroleur-arduino-mega-2560-rev3#,"Prix en promotion€50,82","Le Microcontrôleur Arduino Mega 2560 Rev3 est une carte microcontrôleur basée sur l'ATmega2560. Il est doté de 54 broches d'entrée/sortie numériques (dont 14 peuvent être utilisées comme sorties MLI), de 16 entrées analogiques, de 4 émetteurs-récepteurs universels asynchrones (UART, ports série physiques), d'un oscillateur à cristal de 16 MHz, d'une connexion USB, d'une prise de courant, d'une embase ICSP et d'un bouton de réinitialisation. Il contient tout ce qui est nécessaire pour prendre en charge le microcontrôleur. Pour cela, branchez-le à un ordinateur au moyen d'un câble USB ou allumez-le avec une batterie ou un adaptateur CC/CA pour le démarrer. L'Arduino Mega est compatible avec la plupart des blindages conçus pour les Arduino Uno, Duemilanove ou Diecimila.  L'Arduino Mega peut être alimenté via le Câble USB de 1.5m Type A vers B  ou au moyen d'une alimentation électrique externe. Le Mega2560 diffère de toutes les cartes précédentes, car il n'utilise pas la puce contrôleur FTDI USB/série. Au lieu de cela, il dispose de l'Atmega8U2 programmé en tant que convertisseur USB/série.

Chacune des 54 broches numériques sur le Mega peut être utilisée en tant qu'entrée ou sortie, en utilisant les fonctions pinMode(), digitalWrite() et digitalRead() Il dispose également de 16 entrées analogiques, chacune d'elles disposant de 10 bits de résolution (c'est-à-dire 1 024 valeurs différentes)

L'Arduino Mega2560 dispose d'un certain nombre de moyens pour communiquer avec un ordinateur, un autre Arduino ou d'autres microcontrôleurs. L'ATMEGA2560 fournit quatre UART physiques pour des communications sérielles de type TTL (5 V). Un ATmega8U2 sur la carte canalise l'un d'eux sur l'USB et fournit un port COM virtuel pour le logiciel sur l'ordinateur. En outre, il accepte les communications I2C (TWI) et SPI. Le logiciel Arduino intègre une bibliothèque de câblage pour simplifier l'utilisation du bus I2C. Voyez la documentation sur le site Web de câblage pour plus de détails. Pour la communication SPI, utilisez la bibliothèque SPI.

L'Arduino Mega2560 peut être programmé au moyen de l'IDE Arduino gratuite et d'un code source libre via une connexion USB, sans avoir besoin de matériel supplémentaire grâce à son chargeur initial de programme préchargé. Vous pouvez également contourner le chargeur initial de programme et programmer le microcontrôleur via l'embase Programmeur PIC USB ICSP Cytron. L'Arduino Mega peut être alimenté par la connexion USB ou par une alimentation électrique externe. L'alimentation électrique est automatiquement sélectionnée. L'alimentation externe (non-USB) peut provenir d'un adaptateur CA/CC (mural) ou d'une batterie. L'adaptateur peut être connecté en branchant une prise de centre positif de 2,1 mm dans la prise de courant de la carte. Les broches de raccordement d'une batterie peuvent être insérées dans les embases mâles Gnd et Vin (tension en entrée) du connecteur POWER (alimentation). La carte peut fonctionner avec une alimentation externe de 6 à 20 volts. Si cependant elle est alimentée à moins de 7 V, la broche du 5 V peut fournir moins de cinq volts et la carte peut devenir instable. Si elle reçoit plus de 12 V, le régulateur de tension peut surchauffer et endommager la carte. La plage recommandée et de 7 à 12 volts.  Alimentation Les broches d'alimentation se répartissent comme suit : L'Arduino Mega2560 est conçu pour être compatible avec la plupart des blindages conçus pour les Uno, Diecimila ou Duemilanove.","Microcontrôleur : ATmega2560 Tension de fonctionnement : 5 V Tension en entrée (recommandée) : de 7 à 12 V Tension en entrée (limites) : de 6 à 20 V Broches E/S numériques : 54 (dont 14 alimentent la sortie MLI) Broches d'entrées analogiques : 16 Courant CC par broche d'E/S : 40 mA Courant CC pour la broche de 3,3 V : 50 mA Mémoire Flash : 256 Ko dont 8 Ko utilisés par le chargeur initial de programme Mémoire SRAM : 8 Ko Mémoire EEPROM : 4 Ko Vitesse d'horloge : 16 MHz",Average rating is 4.95 stars
Bouclier de module de mini caméra ArduCAM avec 5 MP OV5642 pour Arduino,ArduCAM,https://eu.robotshop.com//fr/products/bouclier-module-mini-camera-arducam-5-mp-ov5642-pour-arduino#,"Prix en promotion€46,08","Le bouclier de module de caméra ArduCAM Mini avec 5 MP OV5642 pour Arduino peut être utilisé dans toutes les plates-formes comme Arduino, Raspberry Pi, Maple, Chipkit, Beaglebone black, tant qu'ils ont une interface SPI et I2C et peuvent être bien couplés avec des cartes Arduino standard . Il s'agit d'une caméra SPI 5MP haute définition à usage général, réduisant la complexité de l'interface de contrôle de la caméra. Il intègre le capteur d'image CMOS 5 MP OV5642 et fournit une taille miniature, ainsi qu'une interface matérielle facile à utiliser et une bibliothèque de code source ouverte.  Prend en charge le mode de compression JPEG, le mode de prise de vue unique et multiple, l'enregistrement de courts métrages, l'opération de lecture multiple de capture unique, l'opération de lecture en rafale, le mode basse consommation, etc. Il peut être utilisé dans l'IoT, le robot, la faune, le HDR et autres produits ou applications de traitement d'images scientifiques. Capturez des images JPEG décentes de 5 MP et effectuez une capture d'images RAW pleine résolution de 5 MP, ce qui en fait la solution idéale pour les applications IoT et de traitement d'images scientifiques. De plus, il peut également enregistrer de courts clips vidéo.","Résolution : 5 MP Alimentation : 3,3 ~ 5 V Taille du tableau actif : 2592 x 1944 Vitesse SPI : 8 MHz maximum Volet : volet roulant Tampon de trame : 8 Mo Taille des pixels : 1,4 µm x 1,4 µm Objectif M12 par défaut : 55 ° Prise en charge de la résolution : 5 MP, 1080p, 720p, VGA, QVGA Prise en charge des formats : RAW, YUV, RVB, JPEG Poids : 20g Température : -10 +55 °C",Average rating is 4.67 stars
"Servomoteur MG995, RC Servo, 20 kg Metal Gear Servo (4x)",Adeept,https://eu.robotshop.com//fr/products/servomoteur-mg995-rc-servo-20-kg-metal-gear-servo-4x#,"Prix en promotion€27,99","Le Servomoteur MG995, RC Servo, 20 kg Metal Gear Servo (4x) utilise un potentiomètre de haute précision et une puce numérique haute résolution pour assurer des performances stables, et résoudre les problèmes : R / C inadaptés et trop lent temps de réponse. Le tout-métal engrenage RC servo peut contrôler la gamme d'angle de 0 à 180, avec un contrôle précis, et les engrenages sont très cohérents, de sorte qu'il peut tourner à 360 degrés lorsque le pouvoir est éteint. Servo analogique Idéal pour les hélicoptères RC, les micro-robots, les bras robotiques et les chenillettes RC, les moteurs de bateaux RC, divers jouets télécommandés et les expériences Arduino. Le servomoteur est compatible avec Futaba, Hitec, Sanwa, GWS, etc.","Couple de décrochage : 12 kg/cm (6 V), 13 kg/cm (7,2 V) Vitesse de fonctionnement : 0,17 sec / 60 degrés (4,8 V sans charge) | 0,13 sec / 60 degrés (6,0 V sans charge) Tension de fonctionnement : 3.0 - 7.2 V Type d'engrenage : Tous les engrenages en métal Largeur de la bande morte : 4 us Spécifications de la prise : JR FUTABA et ainsi de suite Plage de température : -30 - +60 Alimentation électrique : par adaptateur externe Poids : 55 g",Average rating is 0.00 stars
Geekservo 2kg Compatible 360 Degrés avec Lego,ELECFreaks,https://eu.robotshop.com//fr/products/geekservo-2kg-compatible-360-degres-lego#,"Prix en promotion€10,95","Le Geekservo 2kg 360 Degrés Compatible avec Lego offre des essieux à double sortie 360 ° et est compatible avec Lego. Il convient aux projets moyens ou grands et fonctionne sur une plage de tension de fonctionnement comprise entre 3,3 et 6 V.","Vitesse de fonctionnement (sans charge) : 0,14 sec / 60 ° (4,8 V) Tension de fonctionnement : 3,3 - 6 V Tension nominale : 4,8 V Courant de fonctionnement (sans charge) : 70 mA Courant du rotor verrouillé : 800 mA Couple maximum : 1,8 kg-cm",Average rating is 5.00 stars
Interface Pour Capteurs de Base Wheatstone Bridge Phidgets (avec Boîtier),Phidgets,https://eu.robotshop.com//fr/products/interface-pour-capteurs-base-wheatstone-bridge-phidgets-avec-boitier#,"Prix en promotion€103,72","L'Interface Pour Capteurs de Base Wheatstone Bridge Phidgets (avec Boîtier) est conçue pour mesurer la sortie d'une cellule de charge. Vous pouvez connecter jusqu'à quatre cellules de charge ou extensomètres. Le débit de données minimal est de 8 ms, bien que le taux d'échantillonnage maximal de la carte soit de 122 échantillons par seconde (légèrement moins que la valeur de 125 que le débit de 8 ms pourrait suggérer).  Elle est livrée préassemblée dans un boîtier à coque en plastique. Les extensomètres sont idéaux pour surveiller la souche dans un matériau faisant déjà partie de votre projet. En attachant des extensomètres de manière stratégique, vous pouvez transformer un élément porteur de charge en une cellule de charge personnalisée.","Contrôlée par : USB Nom de l'objet API : pont Nombre d'entrées du pont : 4 Débit minimal de données du pont : 8 ms Débit maximal de données du pont : 1000 ms Courant d'entrée max. du pont : ± 3 nA Résolution de tension différentielle : 24 bits Tension USB min. : 4,5 V CC Tension USB max. : 5,3 V CC Vitesse USB : pleine vitesse Consommation électrique min. : 35 mA Consommation électrique max. : 500 mA Courant externe disponible : 465 mA Limite de tension d'entrée min. : mise à la terre + 0,25 V CC Limite de tension d'entrée max. : alimentation de 5 V - 0,25 V CC Calibre de câble recommandé : 16 à 26 AWG Température nominale min. : 0 °C Température nominale max. : 70 °C",Average rating is 0.00 stars
Roue Omni Plastique 58mm (compatible avec Servomoteurs et Lego Mindstorms NXT),Nexus Robot,https://eu.robotshop.com//fr/products/roue-omni-plastique-58mm-compatible-servomoteurs-lego-mindstorms-nxt#,"Prix en promotion€9,02","La Roue Omni Plastique 58mm (compatible avec Servomoteurs et Lego Mindstorms NXT) est le dernier-né de la roue robotisée omnidirectionnelle compatible avec le LEGO de 58 mm. Elle est utile pour rouler librement. La roue omni-plastique en plastique de 58 mm est une roue robuste, durable et à double rangée qui permet un mouvement facile à 360 ° avec une maniabilité en rotation et sur les côtés. Il est livré avec un concentrateur compatible NXT et un concentrateur Axle Center pour les moteurs Arduino. Si vous utilisez cette roue omnidirectionnelle sur votre robot, vous pouvez la faire avancer / reculer et la faire pivoter sans modifier son orientation. ",Couleur du corps et des rouleaux: noir et gris Matériel de rouleau: nylon + PE,Average rating is 4.86 stars
Convertisseur de Voltage DC-DC 25W,DFRobot,https://eu.robotshop.com//fr/products/convertisseur-voltage-dc-dc-25w#,"Prix en promotion€10,43",,"Plage de tensions d'entrée : de 3,6 à 25 V Plage ajustable en sortie : de 3,3 à 25 V Courant constant en sortie : 5 A à 5 V Puissance maximale en sortie : 25 W Fréquence de commutation : 350 KHz Trois interfaces de sortie différentes Dimensions : 46 x 50 x 20 mm",Average rating is 4.81 stars
Servomoteur 9g 270° Geekservo (compatible avec LEGO),ELECFreaks,https://eu.robotshop.com//fr/products/servomoteur-9g-270-geekservo-compatible-lego#,"Prix en promotion€7,61","Le Servomoteur 9g 270° Geekservo (compatible avec LEGO) est un type de moteur d'actionnement composé d'un moteur à courant continu et d'une boucle de contrôle à rétroaction et généralement contrôlé par PWM. Il existe principalement deux types sur le marché: le servo à rotation limitée (mise au point avec contrôle de l'angle) et le servo à rotation continue (mise au point avec contrôle de la vitesse). Il a une tension de travail de 3,3 à 6 V et un couple maximal de 500g.cm.","Tension de démarrage: 2,5 V Tension de travail: 3,3 - 6 V Tension nominale: 4,8 V Courant nominal: 100 ma Courant à rotor bloqué: 550 ma Couple maximal: 500 g.cm",Average rating is 5.00 stars
HAT d'Expansion à 32 Canaux Digitaux pour Raspberry Pi,AB Electronics UK,https://eu.robotshop.com//fr/products/hat-expansion-32-canaux-digitaux-pour-raspberry-pi#,"Prix en promotion€16,86"," Le HAT d'Expansion à 32 Canaux Digitaux pour Raspberry Pi est une platine d'extension numérique à 32 canaux conçue pour être utilisée sur le Raspberry Pi. La platine est basée sur le module d'extension E/S à 16 bits MCP23017 de Microchip Technology Inc. Une paire de modules d'extension MCP23017 est incluse sur la platine, permettant de connecter jusqu'à 32 entrées ou sorties numériques au Raspberry Pi.  Le module d'extension IO Pi Plus est alimenté par le Raspberry Pi hôte via le port GPIO et les broches étendues sur le connecteur GPIO vous permettent de superposer l'IO Pi Plus avec d'autres platines d'extension.","Broches de sortie d'interruption configurables – Configurables comme actif-haut, actif-bas ou drain ouvert L'INTA et l'INTB peuvent être configurées pour fonctionner indépendamment ou ensemble Source d'interruption configurable – Interruption par changement à partir des défauts de registre ou des changements de broches configurés Registre d'inversion de polarité pour configurer la polarité des données du port d'entrée Vdd (broche d'entrée 5 V lorsque le cavalier d'isolement est enlevé) : 4,5 V-5,5 V Toutes les entrées et sorties numériques : 0-Vdd Courant à la broche E/S (sourcé ou collecté) : 25 mA Courant maximal sur une seule banque d'E/S (1 dispositif MCP23017) : 125 mA",Average rating is 4.75 stars
Puce pour Analyseur de Fréquence Audio - MSGEQ7,Sparkfun Electronics,https://eu.robotshop.com//fr/products/puce-pour-analyseur-frequence-audio-msgeq7#,"Prix en promotion€7,24",La Puce pour Analyseur de Fréquence Audio - MSGEQ7 est détectée par crêtes et multiplexée vers la sortie pour fournir une représentation CC de l'amplitude de chaque bande. Aucun composant externe n'est nécessaire pour sélectionner les réponses du filtre. Seule une résistance et un condensateur hors microcircuit sont nécessaires pour sélectionner la fréquence d'horloge de l'oscillateur intégré sur la puce. Les fréquences centrales du filtre suivent cette fréquence. Caractéristiques :,,Average rating is 5.00 stars
Contrôleur de Servomoteurs 6-Canal USB Micro Maestro Pololu (Assemblé),Pololu,https://eu.robotshop.com//fr/products/controleur-servomoteurs-6-canal-usb-micro-mastro-pololu-assemble#,"Prix en promotion€28,75","Le contrôleur de servo USB à 6 canaux Micro Maestro de Pololu (assemblé) est le premier des contrôleurs de servo USB de la deuxième génération de Pololu. Le Micro Maestro de Pololu est un contrôleur de servo à 6 canaux très versatile et une carte d'E/S générale dans un ensemble extrêmement compact (2,15 cm x 3,04 cm). Les impulsions du servo à haute résolution extrêmement précises ont une gigue de moins de 200 ns, ce qui fait que ce contrôleur de servo convient parfaitement aux animations électroniques de haute précision. La commande d'accélération et de vitesse intégrée permet d'obtenir des mouvements sans heurts sans avoir à calculer constamment et à transmettre en continu les mises à jour des positions intermédiaires au Micro Maestro.  Caractéristiques : L'application de contrôle et de configuration gratuite pour Windows vous permet facilement de :   - Configurer et tester votre contrôleur  - Créer, exécuter et enregistrer des séquences de mouvements de servo pour des animations électroniques et des robots marcheurs  - Écrire, faire défiler et exécuter des scripts stockés dans le contrôleur de servo Caractéristiques de la série TTL :    - Prise en charge de 300 à 250 000 kbps en mode de bauds fixes   - Prise en charge de 300 à 115 200 kbps en mode de détection automatique de bauds   - Prise en charge simultanée du protocole Pololu, qui donne accès à des fonctionnalités avancées, et du protocole plus simple Scott Edwards MiniSSC II (il n'est pas nécessaire de configurer le dispositif pour un mode de protocole particulier)    - Peut être monté en série avec d'autres contrôleurs de moteur et de servo Pololu en utilisant une seule ligne de transmission de série ",Débit en bauds : 300 à 250 000 bps (en détection automatique de 300 à 115 200 bps) Tension de fonctionnement minimale : 5 V Tension de fonctionnement maximale : 16 V Courant : 20 mA (le montant exact dépend du nombre de voyants allumés et si l'appareil est connecté au port USB) Kit partiel : N,Average rating is 4.75 stars
ESP32 M5StickC PLUS2 Kit de Développement IoT Mini,M5Stack,https://eu.robotshop.com//fr/products/esp32-m5stickc-plus2-kit-developpement-iot-mini#,"Prix en promotion€25,96","Le ESP32 M5StickC PLUS2 Kit de Développement IoT Mini est une version avancée du M5StickC PLUS, équipé de la puce ESP32-PICO-V3-02 comme contrôleur principal, qui comprend des capacités WiFi intégrées. Malgré sa taille compacte, cet appareil est riche en ressources matérielles, incorporant des fonctionnalités telles que l'infrarouge, l'horloge en temps réel (RTC), le microphone, la LED, l'unité de mesure inertielle (IMU), les boutons, le buzzer, et plus encore. L'appareil est équipé d'un écran TFT de 1,14 pouce, offrant une résolution de 135*240, alimenté par le ST7789V2. La capacité de la batterie a été considérablement améliorée à 200 mAh, et l'interface est compatible avec les produits de la série HAT et Unit. Cet outil de développement compact et polyvalent est conçu pour allumer des possibilités créatives infinies. Le ESP32 M5StickC PLUS2 Kit de Développement IoT Mini simplifie le prototypage rapide de produits IoT, rendant l'ensemble du processus de développement plus efficace. Il est convivial, permettant même à ceux qui sont nouveaux dans la programmation de construire facilement des applications intéressantes et de les mettre en œuvre dans des situations réelles. Applications","ESP32-PICO-V3-02240MHz double cœur SPI PSRAM: 2 MB SPI Flash: 8 MB Entrée d'alimentation: 5 V à 500 mA Port: TypeC x1 GROVE: (I2C+I/0+UART) x1 Écran LCD: 135 x 240 TFT LCD coloré, ST7789v2 Bouton: Bouton personnalisé x3 LED: LED VERTE MEMS: MPU6886 Buzzer: buzzer intégré MIC: SPM1423 RTC: BM8563 Batterie: 200 mAh à 3,7 V Antenne: Antenne 3D 2,4G Port PIN: G0, G25/G36, G26, G32, G33 Température de fonctionnement: 0 à 60°C Matériau du boîtier: Plastique (PC) Poids: 17 g",Average rating is 0.00 stars
Élément chauffant PTC 5V 40 degrés C,DFRobot,https://eu.robotshop.com//fr/products/element-chauffant-ptc-5v-40-degres-c#,"Prix en promotion€3,43","L' élément chauffant PTC 5V 40 deg C peut être utilisé pour maintenir automatiquement une température constante sans contrôleurs de température spéciaux et capteurs de température tels que des résistances thermiques et des thermocouples pour le retour de température. Il convient à la fois au courant alternatif et au courant continu, quelle que soit la polarité. La capacité de puissance doit être supérieure à la puissance de dissipation maximale de l'élément chauffant, sinon, il ne peut pas fonctionner correctement. Noter: Concernant la puissance : La puissance de chauffe passe de petite à grande à petite après mise sous tension, et se stabilise enfin. La puissance stable est liée aux conditions d'utilisation. Pour un même réchauffeur PTC avec des conditions d'utilisation différentes, la puissance peut différer plusieurs fois. Plus la dissipation thermique est rapide, plus la puissance stable est élevée. Ce qui est marqué comme la dissipation de puissance maximale et la puissance réelle utilisée doivent être inférieurs à la dissipation de puissance maximale. Occasions d'utilisation : Il est strictement interdit de l'utiliser dans des occasions inflammables et explosives, ou de le mettre dans l'eau ! Les percussions ou coups de poing sont également strictement interdits ! Attention : Si plusieurs éléments chauffants sont utilisés ensemble, ils doivent être connectés en parallèle. Plus il y a d'éléments chauffants, plus la puissance est grande. La diminution de la tension d'alimentation allongera le temps de chauffage de l'élément chauffant et réduira la puissance, mais la température est fondamentalement constante. Choix de l'alimentation : L'élément chauffant basse tension doit utiliser une alimentation de même tension que l'élément chauffant : généralement des alimentations à découpage, des transformateurs, des accumulateurs, des batteries rechargeables, des piles sèches de grande capacité, etc. La puissance (capacité) de l'alimentation électrique doit être supérieure à la puissance dissipée maximale de l'élément chauffant afin que l'élément chauffant puisse générer de la chaleur normalement.",Tension nominale: DC / AC 5V Puissance : 2 - 3 W Température : 40 - 60 °C (Mesurée dans un environnement où la température réelle est de 25 °C),Average rating is 0.00 stars
Adaptateur SSD PCle vers NVMe,IceWhale Technology Limited,https://eu.robotshop.com//fr/products/adaptateur-ssd-pcle-vers-nvme#,"Prix en promotion€11,41","L' adaptateur SSD PCle vers NVMe prend naturellement en charge le SSD NVMe, ce qui permet d'étendre le SSD NVMe en tant que cache haute vitesse sur ZimaBoard. Vous ne voudrez jamais manquer la tendance M.2 et jouer avec M Key/B Key pour innover et développer des trucs sympas comme NPU et des modules de communication réseau.","Double norme : Interface clé M/clé B Vitesse : 32 Gbit/s (NVME), 6 Gbit/s (NGFF) Système : Windows/Mac/Linux",Average rating is 0.00 stars
Capteur de Distance Laser Haute Performance LIDAR-Lite 3 (LLV3HP),Garmin,https://eu.robotshop.com//fr/products/capteur-distance-laser-haute-performance-lidar-lite-3-llv3hp#,"Prix en promotion€171,77","Le Capteur de Distance Laser Haute Performance LIDAR-Lite 3 (LLV3HP) est une solution de mesure optique à haute performance, idéale pour les applications de drones, de robots ou de véhicules sans pilote. Le capteur est logé dans un boîtier IPX7 robuste. Il comprend toutes les fonctionnalités de base et la configurabilité par l'utilisateur du LIDAR-Lite v3 populaire. Ce capteur laser de 40 mètres facile à utiliser est idéal pour les environnements extérieurs ou difficiles. Les mises à jour de notre approche propriétaire de traitement des signaux et les améliorations matérielles ont produit un capteur doté d'une performance et d'une précision meilleures. Il constitue donc le meilleur choix pour les applications nécessitant un capteur de distance robuste et à haute performance. ","Dimensions de l'unité : 24,5 x 53,5 x 33,5 mm (1,0 x 2,1 x 1,3 po) Poids : 34 g (1,2 oz) Indice d'étanchéité : IPX7 Résolution : 1 cm Précision typique : +/- 2,5 cm à des distances supérieures à 2 m (veuillez-vous reporter au manuel d'utilisation pour les spécifications de fonctionnement complètes) Plage : 5 cm à 40 mètres  Fréquence de mise à jour : supérieure à 1 kHz   Interface : I2C ou MLI Alimentation (tension nominale) : 4,75-5 VCC ; 6 V max.  Consommation électrique : 65 mA au repos, 85 mA durant l'acquisition   Température nominale : -20 à 60 °C Longueur d'onde laser / Puissance de crête : 905 nm/1,3 W Divergence de faisceau : 8 mrad Ouverture optique : 12,5 mm Homologations réglementaires : PRODUIT LASER DE CLASSE 1 CLASSIFIÉ EN/IEC 60825-1 2014. Ce produit est conforme aux normes de performance pour les produits laser selon la norme 21 CFR 1040, sauf en ce qui concerne les caractéristiques autorisées par l'indice de variabilité FDA-2016-V-2943 à compter du 27 septembre 2016. Le système ne contient aucun composant pouvant être réparé par l'utilisateur. La réparation et l'entretien du système doivent être effectués uniquement par des techniciens formés en usine. Aucun entretien par l'utilisateur n'est autorisé.",Average rating is 4.45 stars
